CREATE TABLE `bons_livraison` (
  `id` varchar(36) NOT NULL,
  `numero` varchar(255) NOT NULL,
  `client_id` varchar(255) NOT NULL,
  `client_nom` varchar(255) NOT NULL,
  `date_creation` datetime(6) NOT NULL DEFAULT current_timestamp(6),
  `date_livraison` datetime NOT NULL,
  `statut` enum('prepare','expediee','livree') NOT NULL DEFAULT 'prepare',
  `notes` text DEFAULT NULL,
  `date_modification` datetime(6) NOT NULL DEFAULT current_timestamp(6) ON UPDATE current_timestamp(6)
) ENGINE=InnoDB DEFAULT CHARSET=utf8mb4 COLLATE=utf8mb4_general_ci;

-- --------------------------------------------------------

--
-- Table structure for table `clients`
--

CREATE TABLE `clients` (
  `id` varchar(36) NOT NULL,
  `nom` varchar(255) NOT NULL,
  `email` varchar(255) NOT NULL,
  `telephone` varchar(255) NOT NULL,
  `adresse` varchar(255) NOT NULL,
  `ville` varchar(255) NOT NULL,
  `codePostal` varchar(255) NOT NULL,
  `pays` varchar(255) NOT NULL,
  `totalFacture` decimal(10,2) NOT NULL DEFAULT 0.00,
  `dateCreation` datetime(6) NOT NULL DEFAULT current_timestamp(6),
  `dateModification` datetime(6) NOT NULL DEFAULT current_timestamp(6) ON UPDATE current_timestamp(6),
  `code` varchar(255) NOT NULL,
  `mf` varchar(255) DEFAULT NULL
) ENGINE=InnoDB DEFAULT CHARSET=utf8mb4 COLLATE=utf8mb4_general_ci;

--
-- Dumping data for table `clients`
--

INSERT INTO `clients` (`id`, `nom`, `email`, `telephone`, `adresse`, `ville`, `codePostal`, `pays`, `totalFacture`, `dateCreation`, `dateModification`, `code`, `mf`) VALUES
('5e80d5ce-aa3f-4209-90a1-7f4d4b70f535', 'G consulting', 'cabinet.gconsulting@gmail.com', '23838878', 'Avenue 14 janvier Immeuble yasmine Sfax , Sfax Medina , Tunisia 3027', 'Sfax', '3027', 'Tunisie', 0.00, '2025-07-10 13:06:25.339475', '2025-07-10 13:12:04.687582', 'CLT-00006', NULL),
('79fb5a01-9679-4bc8-9e37-0798017e70ec', 'Atlantis Plus', 'awayimen369@gmail.com', '51369390', 'Gremda 0,5 IM Almajd, Sfax', 'Sfax', '3000', 'Sfax', 0.00, '2025-07-05 11:26:58.032725', '2025-07-07 15:19:30.074205', 'CLT-00005', '1576033/P');

-- --------------------------------------------------------

--
-- Table structure for table `devis`
--

CREATE TABLE `devis` (
  `id` varchar(36) NOT NULL,
  `numero` varchar(255) NOT NULL,
  `client_id` varchar(255) NOT NULL,
  `client_nom` varchar(255) NOT NULL,
  `date_creation` datetime(6) NOT NULL DEFAULT current_timestamp(6),
  `date_expiration` datetime NOT NULL,
  `statut` enum('brouillon','envoye','accepte','refuse','expire') NOT NULL DEFAULT 'brouillon',
  `sous_total` decimal(10,2) NOT NULL,
  `tva` decimal(10,2) NOT NULL,
  `total` decimal(10,2) NOT NULL,
  `notes` text DEFAULT NULL,
  `date_modification` datetime(6) NOT NULL DEFAULT current_timestamp(6) ON UPDATE current_timestamp(6),
  `remiseTotale` decimal(5,2) NOT NULL DEFAULT 0.00
) ENGINE=InnoDB DEFAULT CHARSET=utf8mb4 COLLATE=utf8mb4_general_ci;

--
-- Dumping data for table `devis`
--

INSERT INTO `devis` (`id`, `numero`, `client_id`, `client_nom`, `date_creation`, `date_expiration`, `statut`, `sous_total`, `tva`, `total`, `notes`, `date_modification`, `remiseTotale`) VALUES
('39f64b07-2d6f-43c4-ba49-e07042e1ca90', 'D-2025-2117', '5e80d5ce-aa3f-4209-90a1-7f4d4b70f535', 'G consulting', '2025-07-10 01:00:00.000000', '2025-08-09 01:00:00', 'brouillon', 142.20, 27.02, 169.22, '', '2025-07-10 14:33:36.000000', 0.00),
('4025f827-2806-4d77-ab24-28deeda3a609', 'D-2025-769', '5e80d5ce-aa3f-4209-90a1-7f4d4b70f535', 'G consulting', '2025-07-10 01:00:00.000000', '2025-08-09 01:00:00', 'brouillon', 142.20, 27.02, 169.22, '', '2025-07-10 13:47:29.949305', 0.00),
('5556cb41-ef24-4680-b7d4-7617429b6cad', 'D-2025-053', '79fb5a01-9679-4bc8-9e37-0798017e70ec', 'Atlantis Plus', '2025-07-07 01:00:00.000000', '2025-08-06 01:00:00', 'brouillon', 1858.60, 353.13, 2211.73, '', '2025-07-07 13:18:53.886073', 0.00),
('6e29a0cb-01e8-4eeb-b407-9dfd1f892350', 'D-2025-894', '5e80d5ce-aa3f-4209-90a1-7f4d4b70f535', 'G consulting', '2025-07-10 01:00:00.000000', '2025-08-09 01:00:00', 'brouillon', 89.10, 16.93, 106.03, '', '2025-07-10 13:37:45.000000', 0.00),
('fb40aef3-734f-423e-bf38-0e677dd19df4', 'D-2025-593', '79fb5a01-9679-4bc8-9e37-0798017e70ec', 'Atlantis Plus', '2025-07-07 01:00:00.000000', '2025-08-06 01:00:00', 'brouillon', 1350.00, 256.50, 1606.50, '', '2025-07-07 15:15:14.000000', 0.00);

-- --------------------------------------------------------

--
-- Table structure for table `factures`
--

CREATE TABLE `factures` (
  `id` varchar(36) NOT NULL,
  `numero` varchar(255) NOT NULL,
  `client_id` varchar(255) NOT NULL,
  `client_nom` varchar(255) NOT NULL,
  `date_creation` datetime(6) NOT NULL DEFAULT current_timestamp(6),
  `date_echeance` datetime NOT NULL,
  `statut` enum('brouillon','envoyee','payee','en_retard','annulee') NOT NULL DEFAULT 'brouillon',
  `sous_total` decimal(10,2) NOT NULL,
  `tva` decimal(10,2) NOT NULL,
  `total` decimal(10,2) NOT NULL,
  `notes` text DEFAULT NULL,
  `date_modification` datetime(6) NOT NULL DEFAULT current_timestamp(6) ON UPDATE current_timestamp(6),
  `remiseTotale` decimal(5,2) NOT NULL DEFAULT 0.00
) ENGINE=InnoDB DEFAULT CHARSET=utf8mb4 COLLATE=utf8mb4_general_ci;

-- --------------------------------------------------------

--
-- Table structure for table `lignes_document`
--

CREATE TABLE `lignes_document` (
  `id` varchar(36) NOT NULL,
  `produit_id` varchar(255) NOT NULL,
  `produit_nom` varchar(255) NOT NULL,
  `quantite` int(11) NOT NULL,
  `prix_unitaire` decimal(10,2) NOT NULL,
  `total` decimal(10,2) NOT NULL,
  `facture_id` varchar(36) DEFAULT NULL,
  `devis_id` varchar(36) DEFAULT NULL,
  `bon_livraison_id` varchar(36) DEFAULT NULL,
  `remise` decimal(5,2) NOT NULL DEFAULT 0.00,
  `produit_description` varchar(255) DEFAULT NULL
) ENGINE=InnoDB DEFAULT CHARSET=utf8mb4 COLLATE=utf8mb4_general_ci;

--
-- Dumping data for table `lignes_document`
--

INSERT INTO `lignes_document` (`id`, `produit_id`, `produit_nom`, `quantite`, `prix_unitaire`, `total`, `facture_id`, `devis_id`, `bon_livraison_id`, `remise`, `produit_description`) VALUES
('1', '545b96dc-3b74-46a8-a8a9-8c67247ce7f8', 'Porte-clés NFC Business', 1, 69.00, 62.10, NULL, '39f64b07-2d6f-43c4-ba49-e07042e1ca90', NULL, 10.00, 'avec 3 Réseaux Sociaux , design(logo+ QR  code ), Accès mini-site'),
('1751890543684', 'ec7a8b9e-7550-4fc0-a4eb-b1aa68b3514d', 'CARTE NFC PERSONNALISÉE', 1, 79.00, 79.00, NULL, '5556cb41-ef24-4680-b7d4-7617429b6cad', NULL, 0.00, NULL),
('1751890548884', '5ca75fe3-9989-453a-bd29-75ec5f91acc9', 'Nom de Domain Atlantis-Plus.com', 1, 60.00, 60.00, NULL, '5556cb41-ef24-4680-b7d4-7617429b6cad', NULL, 0.00, NULL),
('1751890555681', 'babd26a1-c8e8-43f5-90e1-137b1ae327a6', 'Hébergement Site 1 an', 1, 69.60, 69.60, NULL, '5556cb41-ef24-4680-b7d4-7617429b6cad', NULL, 0.00, NULL),
('1751890557580', '28512fc3-1cd8-41a1-93ae-984907b9c562', 'Maintenance Technique', 1, 150.00, 150.00, NULL, '5556cb41-ef24-4680-b7d4-7617429b6cad', NULL, 0.00, NULL),
('1751896606464', 'ec7a8b9e-7550-4fc0-a4eb-b1aa68b3514d', 'Carte NFC Business ', 1, 79.00, 0.00, NULL, 'fb40aef3-734f-423e-bf38-0e677dd19df4', NULL, 100.00, NULL),
('1751896620739', '5ca75fe3-9989-453a-bd29-75ec5f91acc9', 'Nom de Domain .com ou .tn', 1, 60.00, 0.00, NULL, 'fb40aef3-734f-423e-bf38-0e677dd19df4', NULL, 100.00, NULL),
('1751896630598', 'babd26a1-c8e8-43f5-90e1-137b1ae327a6', 'Hébergement Site 1 an Gratuit ', 1, 69.60, 0.00, NULL, 'fb40aef3-734f-423e-bf38-0e677dd19df4', NULL, 100.00, NULL),
('1751896636706', '28512fc3-1cd8-41a1-93ae-984907b9c562', 'Maintenance Technique', 1, 150.00, 0.00, NULL, 'fb40aef3-734f-423e-bf38-0e677dd19df4', NULL, 100.00, NULL),
('1752149329596', '0d5cb526-b82f-40ce-a0dc-f96bbf195195', 'Porte-clés NFC Illimité', 1, 99.00, 89.10, NULL, '6e29a0cb-01e8-4eeb-b407-9dfd1f892350', NULL, 10.00, 'avec illimité Réseaux Sociaux (design personnalisé , QR  code , Accès mini-site'),
('1752151624373', '0f94971a-3e90-4e91-b08f-1d9cfafc958e', 'Carte NFC Business', 1, 89.00, 80.10, NULL, '39f64b07-2d6f-43c4-ba49-e07042e1ca90', NULL, 10.00, 'avec 3 Réseaux Sociaux (design personnalisé , QR  code , Accès mini-site');

-- --------------------------------------------------------

--
-- Table structure for table `paiements`
--

CREATE TABLE `paiements` (
  `id` varchar(36) NOT NULL,
  `facture_id` varchar(255) NOT NULL,
  `montant` decimal(10,2) NOT NULL,
  `date_paiement` datetime(6) NOT NULL DEFAULT current_timestamp(6),
  `methode` enum('especes','carte','virement','cheque','paypal','stripe') NOT NULL DEFAULT 'virement',
  `reference` varchar(255) DEFAULT NULL,
  `statut` enum('en_attente','confirme','refuse') NOT NULL DEFAULT 'en_attente',
  `notes` text DEFAULT NULL,
  `date_modification` datetime(6) NOT NULL DEFAULT current_timestamp(6) ON UPDATE current_timestamp(6)
) ENGINE=InnoDB DEFAULT CHARSET=utf8mb4 COLLATE=utf8mb4_general_ci;

-- --------------------------------------------------------

--
-- Table structure for table `produits`
--

CREATE TABLE `produits` (
  `id` varchar(36) NOT NULL,
  `nom` varchar(255) NOT NULL,
  `description` text NOT NULL,
  `prix` decimal(10,2) NOT NULL,
  `categorie` varchar(255) NOT NULL,
  `actif` tinyint(4) NOT NULL DEFAULT 1,
  `dateCreation` datetime(6) NOT NULL DEFAULT current_timestamp(6),
  `dateModification` datetime(6) NOT NULL DEFAULT current_timestamp(6) ON UPDATE current_timestamp(6)
) ENGINE=InnoDB DEFAULT CHARSET=utf8mb4 COLLATE=utf8mb4_general_ci;

--
-- Dumping data for table `produits`
--

INSERT INTO `produits` (`id`, `nom`, `description`, `prix`, `categorie`, `actif`, `dateCreation`, `dateModification`) VALUES
('0d5cb526-b82f-40ce-a0dc-f96bbf195195', 'Porte-clés NFC Illimité', 'avec illimité Réseaux Sociaux (design personnalisé , QR  code , Accès mini-site', 99.00, 'Porte-clés NFC', 1, '2025-07-10 12:55:30.675261', '2025-07-10 12:55:30.675261'),
('0f94971a-3e90-4e91-b08f-1d9cfafc958e', 'Carte NFC Business', 'avec 3 Réseaux Sociaux (design personnalisé , QR  code , Accès mini-site', 89.00, 'Carte physique NFC', 1, '2025-07-10 12:41:07.847996', '2025-07-10 13:14:43.000000'),
('28512fc3-1cd8-41a1-93ae-984907b9c562', 'Maintenance Technique', 'Maintenance Technique 1 an Gratuit ', 150.00, 'Maintenance Technique', 1, '2025-07-07 13:08:58.707785', '2025-07-07 13:08:58.707785'),
('4536f9d1-7318-4fc1-9cda-99cb6079d3de', 'Porte-clés NFC 2', 'avec 2 Réseaux Sociaux (design personnalisé , QR  code , Accès mini-site', 59.00, 'Porte-clés NFC', 1, '2025-07-10 12:54:04.217073', '2025-07-10 12:54:04.217073'),
('4efe3368-63d5-4117-ab93-cb64049c70a5', 'Carte NFC 1', 'avec 1 Réseaux Sociaux (design personnalisé , QR  code , Accès mini-site', 69.00, 'Carte physique NFC', 1, '2025-07-10 12:42:56.831346', '2025-07-10 12:53:23.000000'),
('545b96dc-3b74-46a8-a8a9-8c67247ce7f8', 'Porte-clés NFC Business', 'avec 3 Réseaux Sociaux , design(logo+ QR  code ), Accès mini-site', 69.00, 'Porte-clés NFC', 1, '2025-07-10 12:54:21.456627', '2025-07-10 14:33:27.000000'),
('5ca75fe3-9989-453a-bd29-75ec5f91acc9', 'Nom de Domain .com ou .tn', ' DOMAINE OFFERT Atlantis-Plus.com 1 an gratuit ', 60.00, 'DOMAINE  Site', 1, '2025-07-07 13:02:01.911915', '2025-07-07 15:06:45.000000'),
('952da9d2-6fdd-4fa8-887f-d2faa6c94cae', 'Porte-clés NFC1', 'avec 1 Réseaux Sociaux (design personnalisé , QR  code , Accès mini-site', 49.00, 'Porte-clés NFC', 1, '2025-07-10 12:53:15.615874', '2025-07-10 12:53:15.615874'),
('af919e9f-977d-4fc4-b78e-f910807e4653', 'Création de site e-commerce', 'DÉVELOPPEMENT SITE E-COMMERCE\n', 1500.00, 'SITE E-COMMERCE', 1, '2025-07-07 12:50:42.718631', '2025-07-07 15:03:56.000000'),
('babd26a1-c8e8-43f5-90e1-137b1ae327a6', 'Hébergement Site 1 an Gratuit ', 'Hébergement Site 1 an Gratuit ', 69.60, 'Hébergement Site', 1, '2025-07-07 13:08:00.011329', '2025-07-07 15:06:01.000000'),
('ec7a8b9e-7550-4fc0-a4eb-b1aa68b3514d', 'Carte NFC Business 2', 'CARTE  PERSONNALISÉE avec 2 Réseaux Sociaux (design personnalisé , QR  code , Accès mini-site', 79.00, 'Carte NFC', 1, '2025-07-07 12:59:17.031184', '2025-07-10 12:53:37.000000');

-- --------------------------------------------------------

--
-- Table structure for table `settings`
--

CREATE TABLE `settings` (
  `id` varchar(36) NOT NULL,
  `data` longtext CHARACTER SET utf8mb4 COLLATE utf8mb4_bin NOT NULL CHECK (json_valid(`data`))
) ENGINE=InnoDB DEFAULT CHARSET=utf8mb4 COLLATE=utf8mb4_general_ci;

--
-- Dumping data for table `settings`
--

INSERT INTO `settings` (`id`, `data`) VALUES
('7d02dfcc-26b2-4d0b-9585-90055f6d061f', '{\"userProfile\":{\"name\":\"Administrateur NGBilling\",\"email\":\"contact@nathygraph.com\"},\"company\":{\"name\":\"Nathy Graph\",\"matricule\":\"1801611/M/A/000\",\"address\":\"Route tunis km 0,5 Sfax 3002 Tunisie\",\"logo\":\"data:image/png;base64,iVBORw0KGgoAAAANSUhEUgAAAfQAAAH0CAYAAADL1t+KAAAACXBIWXMAAA7EAAAOxAGVKw4bAAAEzGlUWHRYTUw6Y29tLmFkb2JlLnhtcAAAAAAAPD94cGFja2V0IGJlZ2luPSfvu78nIGlkPSdXNU0wTXBDZWhpSHpyZVN6TlRjemtjOWQnPz4KPHg6eG1wbWV0YSB4bWxuczp4PSdhZG9iZTpuczptZXRhLyc+CjxyZGY6UkRGIHhtbG5zOnJkZj0naHR0cDovL3d3dy53My5vcmcvMTk5OS8wMi8yMi1yZGYtc3ludGF4LW5zIyc+CgogPHJkZjpEZXNjcmlwdGlvbiByZGY6YWJvdXQ9JycKICB4bWxuczpBdHRyaWI9J2h0dHA6Ly9ucy5hdHRyaWJ1dGlvbi5jb20vYWRzLzEuMC8nPgogIDxBdHRyaWI6QWRzPgogICA8cmRmOlNlcT4KICAgIDxyZGY6bGkgcmRmOnBhcnNlVHlwZT0nUmVzb3VyY2UnPgogICAgIDxBdHRyaWI6Q3JlYXRlZD4yMDI1LTA2LTIzPC9BdHRyaWI6Q3JlYXRlZD4KICAgICA8QXR0cmliOkV4dElkPjVkMmY4NDU3LWI0NWYtNGQ0Zi04ZDk1LTRjMjI1ZDU5ZTI2MjwvQXR0cmliOkV4dElkPgogICAgIDxBdHRyaWI6RmJJZD41MjUyNjU5MTQxNzk1ODA8L0F0dHJpYjpGYklkPgogICAgIDxBdHRyaWI6VG91Y2hUeXBlPjI8L0F0dHJpYjpUb3VjaFR5cGU+CiAgICA8L3JkZjpsaT4KICAgPC9yZGY6U2VxPgogIDwvQXR0cmliOkFkcz4KIDwvcmRmOkRlc2NyaXB0aW9uPgoKIDxyZGY6RGVzY3JpcHRpb24gcmRmOmFib3V0PScnCiAgeG1sbnM6ZGM9J2h0dHA6Ly9wdXJsLm9yZy9kYy9lbGVtZW50cy8xLjEvJz4KICA8ZGM6dGl0bGU+CiAgIDxyZGY6QWx0PgogICAgPHJkZjpsaSB4bWw6bGFuZz0neC1kZWZhdWx0Jz5EZXNpZ24gc2FucyB0aXRyZSAtIDE8L3JkZjpsaT4KICAgPC9yZGY6QWx0PgogIDwvZGM6dGl0bGU+CiA8L3JkZjpEZXNjcmlwdGlvbj4KCiA8cmRmOkRlc2NyaXB0aW9uIHJkZjphYm91dD0nJwogIHhtbG5zOnBkZj0naHR0cDovL25zLmFkb2JlLmNvbS9wZGYvMS4zLyc+CiAgPHBkZjpBdXRob3I+Y2hhaW1hIHRyYWJlbHNpPC9wZGY6QXV0aG9yPgogPC9yZGY6RGVzY3JpcHRpb24+CgogPHJkZjpEZXNjcmlwdGlvbiByZGY6YWJvdXQ9JycKICB4bWxuczp4bXA9J2h0dHA6Ly9ucy5hZG9iZS5jb20veGFwLzEuMC8nPgogIDx4bXA6Q3JlYXRvclRvb2w+Q2FudmEgKFJlbmRlcmVyKSBkb2M9REFHcks5TG5Nd0EgdXNlcj1VQUU0dFBGVERYOCBicmFuZD1KZXN1cyBKdWRhaCYjMzk7cyBDbGFzcyB0ZW1wbGF0ZT08L3htcDpDcmVhdG9yVG9vbD4KIDwvcmRmOkRlc2NyaXB0aW9uPgo8L3JkZjpSREY+CjwveDp4bXBtZXRhPgo8P3hwYWNrZXQgZW5kPSdyJz8+pDhGvgAA8rxJREFUeJzs1cENwCAQwLDS/Xc+huCBiOwJ8suamfkAgKf9twMAgHOGDgABhg4AAYYOAAGGDgABhg4AAYYOAAGGDgABhg4AAYYOAAGGDgABhg4AAYYOAAGGDgABhg4AAYYOAAGGDgABhg4AAYYOAAGGDgABhg4AAYYOAAGGDgABhg4AAYYOAAGGDgABhg4AAYYOAAGGDgABhg4AAYYOAAGGDgABhg4AAYYOAAGGDgABhg4AAYYOAAGGDgABhg4AAYYOAAGGDgABhg4AAYYOAAGGDgABhg4AAYYOAAGGDgABhg4AAYYOAAGGDgABhg4AAYYOAAGGDgABhg4AAYYOAAGGDgABhg4AAYYOAAGGDgABhg4AAYYOAAGGDgABhg4AAYYOAAGGDgABhg4AAYYOAAGGDgABhg4AAYYOAAGGDgABhg4AAYYOAAGGDgABhg4AAYYOAAGGDgABhg4AAYYOAAGGDgABhg4AAYYOAAGGDgABhg4AAYYOAAGGDgABhg4AAYYOAAGGDgABhg4AAYYOAAGGDgABhg4AAYYOAAGGDgABhg4AAYYOAAGGDgABhg4AAYYOAAGGDgABhg4AAYYOAAGGDgABhg4AAYYOAAGGDgABhg4AAYYOAAGGDgABhg4AAYYOAAGGDgABhg4AAYYOAAGGDgABhg4AAYYOAAGGDgABhg4AAYYOAAGGDgABhg4AAYYOAAGGDgABhg4AAYYOAAGGDgABhg4AAYYOAAGGDgABhg4AAYYOAAGGDgABhg4AAYYOAAGGDgABhg4AAYYOAAGGDgABhg4AAYYOAAGGDgABhg4AAYYOAAGGDgABhg4AAYYOAAGGDgABhg4AAYYOAAGGDgABhg4AAYYOAAGGDgABhg4AAYYOAAGGDgABhg4AAYYOAAGGDgABhg4AAYYOAAGGDgABhg4AARsAAP//7L13nF3Xdd/7XfvcO72gEEQjKJIAKbFXsYoiKTmiWGTJsiLZkiWrRH6x5LyXxI7lxO0lLrGdPDtykherJpFlW5KtRsnsvYi9FxSCBb1jUAYzt5298scuZ587gzLAHXJIYeEzuPeee+7ZfZXfWnvtowL9KB2lo3SUjtJRehPQUYF+lCYn1fL79PNRmnGkR8dnRtIbYVzeCHU8SodGlde7AgemIEgUNFwR4ocSyeS/P8Cd6j+JCMhkv3+zk+/X2KXqr/rrcaFLvN29FVy/kfz4p7H/Amk6RSe/QxURca+AmM7r0tbaZEwOTDKN8z0IiFRQTFbeZN8fbr2stYf1u05RqHcY50ChjQdq1/4Eavtvw7M7OXaqWio/naeBDqV8N/fK19v7YjJ6LeZh+n6yOqZ1mc76vBY0owX6zrXP8tK936A2uptGs0VuFSXDIlhVrFoUA1ZoWWhaQQGLUBFDhpAJmKxFlilimohYL5MyVCvkTTj+tEs45eL30TN87Ovc4teIVMlbdZr1Uer7drJn84tsXvEItT07qDBOd6VFJWshKBYhF7BkNFAarYw9YxXEzGHe4pM5/tTzGTpmIVm1h67uPrJqV1LQG3txHApZa7n91lu55ZZb6OvvI8sManPUAsZgbQ5WaeYterq7qdcbLFlyPL/6+c9jOijUn3j8cf7+239LX/8A1ioqihFDbi2oImJQVeq1Om895a1cc911LFy0sGPlp/TySy/xve9+l5GR7eS5Y+pZxbGaLDNYq2TGMDY+RrXaRd5s0dPTw5XvejdXXnXllJlqs9nk9377t7FqMZkBteStHDGu/aqKwaudQVipkpkMMYJTBZxGlmUVBGjZltdxBSOCak7eyjHGYLIMCKqsYrIMYzL3bGvJsgwjhr7+PjZv2sLHfumXOO+CCya0y1rLqlWr+NtvfpNKtYoxQrPZBBHU5uS5L88YbJ4zPl7j/R/4OS6+5BKq1eoRjVGgl1av5q//+hu0Wi2yLKPVbFKtVsitxVrFGEOlksX6nnPOefzs+99PpVKIjp07dvL1r32NrVu30NvbTWaEWr0BAlmW+X4HwfWdbbVAhEWLjuPnP/QhjjnmmI4K0n379vGTBx7ggQfuB6DVbJHnOWKErJKh1gLK+Ng4VpVKlrF7ZDef+exnufDii9/QQn1GC3SjYxxbWcf84U1ofae3GgEMqLd2jGNYSoaSAU3AWdxuqSqogHWLWBTcf7hZ1idse/UlxpYcT/fQuxF5M3ohFJvnNBvjbF+/ku2r7qKy+1l66tuZMyDMr4wynzq2twX1caTRQFRx/WzRoKGLABZbzSEzZCOG7LE+ajqL9WN97GIhzDqBBSdfwLwTz6erfw7GVN7U6IcqLH9pPT+86Q6G+sNFi/r5iTi/lg0mvFXqtQbnnHsul1x6aceE+sMP/oR/+O7fMzg05ASU+D8LIgYRZ43krZxt27fx9osvmjaBfuOPf8wNP/w+u0ZHQAwiBiMeyVEwxs2HXK2rpFryhmXvvr1cfMnF9Pb2Tqm8PM/5zne+zdCsAaCwCgXjHl+6u1j7gqA4niAirj4qse8cmmJQa1FRwlPFiGMhqkFSlQuRwGKE3bv2cMWVV3Du+edPEBR5nrN2zavc8MPvU6lmkb0pGlVhTVCzsT1jLFt6Mhdc8PaOCfSNGzdy5113snffbtdscQqp6x83cyMap67O1153XUmgDw4OYPOcu+++k/HaPowxiDGICFYtmclcm4zrc+uVha5qDztHRvjCF75A5pWkTtATTzzBH/7hf2DXrh3ugp+DCF7RBbWuZ621VMRQH2vw67/5m29oYQ4zXKALQtXW6a5tQ+sj5OqnugqQueUogXPlXoAboOrh4qBDJ8IcUKNkajHiLJljK6O8+ujXYXAhc5ac8Tq1djpIaTXG2blhJRufvgXz6o9YNq/JAm1g6zVsvUZlLI/9aKwlR1Gst1oMYi2ZOETEGKcoGcmRVo7WDewbo1dGONEoVFZCfZD6czez/Jac5jHnsvi865l3ymV09Q3zpg3ZyHO01SRviUeNFIuiVj1jBJOZyJqzngqf+7Vf5eGHHqWnp6cjVahUqzRz6yxLFdQEtwlufNVijJBbS7WaUa1Mz9JXVZ545gm2796GZAabW4wB4xUcK6AtZ6EHhiqiqOa88upqnnr6SS6+6JIpM9Z6c5xaq4rCBCVJRAp565WsVABHKNkLa80dzzAe1VABvAAwImALqDrCtApWFREwYjDGjbuVHEsZwk7rZUxGM89pSgvFllw3AhjvErTW0mg1qXZ3dRT4yrKMRt6g3mq48qJi49pmrBPEKGSSYQxkbf1b7eri47/8CR5/8jGeee5pHC82sW/Jm7G9sb8RavVxfvKT+3j66fdy7rnndkSYjoyM8MgjD7N24zp6+7uxuUUQ8MqE+A62HsESq+weHeVXf/XXWLps2RGX/3rTjBboqhabN1Hbwtrcu3TdNIdWKrMdTAU4rLPh7iktIs9OveZtVaPxXs0bDIysQEZeQhedjGTdr2Erp4eajRovP/MgD33nP3H5Cbs5u2crtruG7vYWiYJ44aPBqlEQSaMULIhGUARw1mcwAcUpUqhjytJswvg43SKcOSiYbCe7n3qBh2/uZfC0q1l2+S/SPzzf/exNhYQUDD1XjQhQsFDwDDlcU5Q8b/JbX/gC/+WLX+xIDXp7+xFjaNo8CiK0EGZisli/RqNBq9XqSLntdNONN7Ju3XpUwvoTF1Mprn+CNFLVBAIHU6mybv0GHnzwQS66cOqwpzUGkQzVvOTPjc9JfcWhXxKBHNAUtcXYhbWhHnpWayfESbTHC6hCrjnWek4lhtr4+KTtMcY4y1QSX3Yi9BDx/eZiI8RAb29vR1013d09ZJVKBCasF7YhvshK0V+ZyQAzKeK2YOFCPvhzP8/69evYuWs7KlrqG2NM2aeNUumqsmb9q3znO9/i1FNPpaen54iEet5q8dijj/L1r3+F/r5u8mTcnBxPyrcKGUhmOP74E/jkpz5dQh3eqDSzuaooGAf5WozzewerOwZxecGiQbW1HgbzCxRLMOqtCfc6+Dg3bnKKhYWD+9j08N+wa8OLbYrAG4jU0qjX2LjyAW7//z7NwFP/gU+cu40T2ADj44jNEWvJrbfBRbAiWGPIDViTmi3+T5z3UZDIoAUBcT5DK5AbyEXIEXL/c2OB0TEGx17k0jmrObP+XV74Xx/kzu/8Gfv27kDt9AiU15wcTukFgyKipe+CDzQIDmfBQ47ltttv5pabb+pIlHG1Wo3QMeJGCSYKHCMZlUoVYzoHcQZSVR5++GFGRnaSGeOtVQfXWqse+pcIyQL+vavz9pEdvLR6NWNjY1Mv3Do/eVi7qaCOAVFG4liEewJNJiRTK3yyYLfYFv/aPtaIswSrXV37t9Az9xtnqxRBWcaIRy4cQpB7cZRlWRzbTlB3terXduSmSXBYEkgmbUjHJHTd+65n2bJTyCpVRJTMty3LslIfxWeq0qg3eOqZp3jwwZ8ccVs2bNjA977397Rs0ysmhWLU3mWhPnt27+XXf+M3mD179hGXPxNoZgv0KKSz4nMaYR0DXGziz8qI26yCRe8Znfh744JQRa3XSht7mc+L7FtzP42x3a9DY4+MbN5kZMsa7vpfv0d+xxd47/xHWVBbBds3ILaJqoPTo38VCDsIVNXHGITrxAUtqt7a8ta82vhT9/NCmQo6gFWlpZZcc7AWqY8im1/kvO61XKF/yz3/6Z+w9qnbGNs7Ep/3hiZ1CpLVAMsWTD0zmetuLxwyk/nYD0Eqwh/+0R+wZfPmIxbqkwmbVKiJXzfTtUVJVdm2dSsvrl7F7j0jKLkT4MavVzORqRpjsNb6oDPo6e5l5aqV3HbbrVOvpxYKQ6BS1HIK9ybXJVF+JpCIVzwSwYa3vE0CKRe2fKx3mAuRB01aZfVo4eRroEAgC5+6TCKcjoSszYvnUtRVg/IelQ3jrfjJCxcRBgYG+bVf+xfMmTMPtUKe2wL9AMcjEsVIgWpXlXVr13LLzTeze/fh8916vc4zzz7DPffdQ6W7Cw3IVEAY1K+FiCxCo97gPT9zNZde+o43hXUOM12gg/MHWgF1cE+UReAHxqBqQCqgLuIdLTRJMSbC8gVkL/Ehirtuc8twNsqOx25gdMurPhLyjUGNfbvYsupe7vyrz/KewdtZlK9B942BKLkRWgK5hn5JUIoAn6tx/Yz6YC7X50IFVBArKBVEM0Qy3LI2qA33Ju9VnH7ldSy1llwtKhmZbZJt38A1b9nC0NN/wo//6+fZvWUNrWb99e7Cw6fAtf20MuKiooUQHe3mkbOsPPwYlCWB0bG9/M5v/9vDs0oTSq3FwHRToe7q58psF3ydIBHh9ttvZ/PWjXT1dqFisFoWroGibzpav+77ajVj2/YtrFy5gkajMcUKFLIzlGV9hHskLQQJFGWT1CGQDVY98aFJO6RsUasgGioQqiOOW6kLwjpg1aUQk0V9Ja61lGd1MnjMle0tZoKwVqdktSMWQVuHA86dC97+dv7Ju/8JPV39GDHxWSJFn4ZnGDEu3kRznnjyMe69527yPN/vs/dHqsqGDev55l//L4eA+VgG12WSdh9BEAjQ19PHP//nn3vTWOcw4wW6OMhXJIQZES1uh1sS1bBgqQcIVD3snvrOKNB0Va8IRI0UtDbK0tnbGXnuBhr7dr62TT0sUsZGNrH+/i8j9/47fnbBavIdm0Fc1+QK1ro4VSveTWEtNncdJ75vUet96pljThL2mCuYzK8J77qwLv7ABichxPuLNVQIFSQDKs5yx8H7Ws8ZrL3I+095hef/5l+zZcUD1MZHX+O+6xwVvDxsm/TcT1OLpg269cpks9Xk+eUv8KMbbpi6EEsob7UKH2Eb5J5aX0GYlaRPB6hWq/Hggw+ybv16jGQYBINFbWCuxZzQEHKZCA1VxdqcWm2c1S+9yNq1a6dkpasYF4lesr6T917nCrqXN6zjmBiT9FUQsCl8r4mCkMz16HsXB40XOox6d58esKfTNWOk3SUQbnLKtqt7Z8ctxHZoMj9NQJEiIiFFWw8yJiLC5z73eY5f8hYMxkWUaw4IzsNZjElQirKujLUb1nLHXbezadOmKbdhfHyc++69h8efeoJKd2VCeE4JjfHR7s16i498+BdZtuzkjsYkvN70xmmJN6VVrZfmxivOFpEcTO4ct8YvItGU08bF6CBhW5qY1t9mrKW7vpHuDTezb+PT2PzwGey0kyq1XetZf/dfsGDLj5jX3IA0Gt46zrFqnQqkFrGK+ChdjZBdomV7JuYWdQEDBsEdtplEhuZNIWeZg9W8dC/q+l8xWDXOTx+eoYbcAs0mlY2rOW/gGXbf/UXWPnUTY3tHXo+ePHJSFzilMfo5uCU0ChlN4MYQtJXnbpxGdu/kq1/9Ms899+xhVyGrZOCFjrU2WirOSPRj6r9rNpvkeWcRqNUvrmbLti2+POv7QAixcW7tOXdXoVQXAtj4eJZKd5WVq1bwxOOPTUmgGzGIln3mQCI8fLR6JlHoFoqOli101bg84pwGHxRW9Gfwz9rwewTjH+6QQYNVDhiAaMNzwppLkEHXhxZJYlhazdZBhepUqFKtxNgDa210MUgyb3Kbk1sXbJjnNgYO7o/mzp3Lr/zKr9DX04ch84YTlHiOR+/U96/JDM899xyPPPyQ24t/iKSqbNq0iW99+1tUuyvY3KItG12IhRvEoY+gqLW85fgTuOa91zE4ODi1Dpvh9AYQ6Jqo1+GKH5gEMo9/UegIKhYVW4LLypB9+sEv3maN+V3b2PrQN6mNbO7o4ukYqTK+8xV2PPzfOGHvnXTvecVbPRbEoj74TzTq1h4ZDp1ULNZwTeN1V4SICV5X12+mgG8l+ohtyQdZ+PcixyaOlngrSmNcPSBUmntZWl1B/+q/Z82TNzK2d8dr2pWdINfzSkhRIgGiTfomWOiQWoVu+WVVw5Ydm/nKV77Etq1bD6sOxmST224TLnY+2xjAc88/y86d2+np6S6hFVGRCe/bK5TORVx/bdiwgWefe5Y9e/YcslAXdUorFjRXx9hzxbasV7YUzS22lWNbOXluyVstx/gpoO52f29qveV5Hp8f/1oWWgr+fSgXXxebWw6U28L479oQ+wLa9+7DiKlIAf93gsJzHa8IF9WXPYlipLbEi/dH1157LZde9g7AJROKSpCfAeqhEgl8SoQ169dw9713s3HDhkOu/3htnFtuvYVVL73ou8XjYwnMXnSX8wVqLnzso7/E0mVL31TWOczwbWvOuU0y0wtoPYaJaPivgBWDEhCCgWKke6J5B8wzTCwHm7k3pr6XY3U16568haVXfpxKtTN7hTtDyui2l9jzxFeZu/kWKqNbHAzu91lqxBPdvbF7JnlOu9+w6EeNv/FLu7DKg4iKXR4YcaDy7yEwyRCkkvnxEJ9sRag29jJPn6KysZstFeXYM6+lf3DOkXTSa04FOurRjsQH61of3k0kVUuzlfPUU0/yg+9/j09++tNUSxn3Dk6TCj5vQbZdLPnZO0G1Wo0nn3yCtWvX0NXbVWppe3R4uhfZ1aZwQQCoVbq6u1j14kpWrFjORRddfNDyjTG868p30eODoZzD1iFMIbJdKfvUHYSe89zzz7Gvtq8cvAWxj9L6z509lzPPOIu8lRdLzCttGlZGbLz73fj4OAvmz9+vAqXpQvMPTLlZ+C7Ip04rYuABz7LxXCorjI+EYIBD0LFEhH/1L/81jz/6OCOj24v+TdwYRXnuWk93N088+QQP/OQB5i9YcNAcDdZaVr/4Il/76pfp6alGZGySKe8r5bLGXX7ZVVz+zivo6+s7eEPeYDSzBTowwYwuXSvYZZncxIkTMfEdapt/zEny4q0gYJVZ+QZWP/m37Fp2IXNPOGtaFtJUSVUZ3/Eyu5/6a2ZvvZfK2A4HyBlvZQdmdoigwkSmLm2v5etOIKdvbCHgS3e2X/EZwQjbDUMGL6erW7GYfC9zdj+GrKmzrVJFTr+Ovv6BQ2vI60yhS6IyFayumGWvDLsXVkGANl1Kyl27R/jHm37EWeeczYVT3Isd4iJK+30TH6j6soJi1sn5vGLFCjZuXI+phuQ5hUhPBXgacZ/OmlRoWrVUKhVWr36RVatW8fa3X3jQQLBqtcp//vO/oLe3t1SOzW0U6FDkGxfvr969eze/9n9/nhWrlhPjcIAULQht6Mq6uODcC/mTP/szbJ4IjlR5S4WUTwFbq9fp7+vbvyWYDpUm/CzypIJfKcS0s52iAEdDWSlN21SKxo8o3MGf+5YTTuAz/+yz/PGf/iHdPRVyv8MoxkK167gCO3Zu56677+Tss8/mtNNOP+A8rdfrfOMb32Df2F4qXS6AMA0q9BUJNUJzZfbQHN53/ftYvHjxm846hxku0FUkJjyI+HppNqWD57U/Se5RLU9Vwac0FcqzKWjFhXWprX2cMedV1j/+deYc92dI9fVNNqOq7NmyltrK7zFn2z1UR9ejeTOu/TaDOZnIE57kXyX5Qbkvwnsnm0KCEB9Ep+V7IguaTK+K5UnxvJBCU0xkYAGAN/leZu19DH2pxa6eOXSffhVZNqOnaIlUBcSH+CcU9vnCZMwy/FbJuiq8/OrLfOvv/o7jl5wwpdSsrTwnwMRlCgxUIxp1oK1SU6VWq8WDDzzACyuWuwQl3nfujNSyxZvnOcctPo5NmzYV1p6nVIiqKnv37uH5559l8+bNLF68+IB1EBHmzZs3oW/TZ08mGDZv3kyz2fTT25ZMA8UpZOnvci+kp5Ldr6u7e//WuQYAuq09FFZryZyZBpvCoRb44MWE39I2l4JgP0RrIYzFL370F7nxppt47oUnXXysJr3c9ihVJatkPPLow9x3370sWXI8Q0ND+y3j0Ucf4R9v+jGV7kqSeCxFFogzP2zbvOaa67no4kumnF74jUIzW0Vp17ZIIKrSpAgj6bdfxUljCE0sQ1upTy9AQeJleeFv7m7tY9auu9m0/G4mzL7XmJr1UXa/dDtd6++ga+86yBue6bjvHSMM2rQtfFbRd+UZiLa3pA1rC9eC/z36NyUZjwkrkdihpe/aP4eraZ+7/a0WhbxJpTHK4O7HaS3/FjteeXbS3884SiOjSYRTCVYsqBRUlfiUrLU0mi0effQRbr75Jur1Q9/OF/KjhyCuuC0sKT9Yx6aDPvTdu3axZu0adu/Z5QKckraVIppVqY3X+Oxn/jndiXLc7s8PQUzV7iqPPPYwzz//3CH50SeLbG//rp3q9brzoyfzNKz/FHJWq+Sa08oPPVjrYGW3UwlVaWuvasg3n/K/DpJX7Is5OTHOwkiyJ/1QHytCV1cX/+bf/AZGMkR9Iq9gfDFRAbWaM14b5+ZbbuaFF17Y7za28fFx/vIv/wtWXRZRawtDrYiHCM0Tmo2ct51yGtdcex3HHvvmPYRrZgt0mCCA3HQIFnYK/0iEg4LlU2zI0OQ2P+hogR/HCS1gJTI/rDLb7GX3I19nfM/rF6yVtxpsXn4v8so/0rd3FbTGPcQrPq+La5PLUlYIk4DAF8FsZcRMfV+Gv5LzKXQxtAX1KCkDJMDG7sZSvcs2RkpBeUrLDJA0dNNgYPej7H7uh4xs2Xg4Xfbako/rwFsCIgmjalesUqUomdyBeWbGsH1kOz+84fs88vDDhyTMgIhkpHvPU1jb74z3JXdOKDzzzNM89/yzVKuV5ACTiYLMiEGbyvXXvY95c46NwWDtVOybFzZs3Mgrr75CrVbrWH1TisIrweciOyBRvNh/u46UUvSmHSubgKapdBwmDsF36bzZHxRgkj6ayvMvuOACPvbRj1OrNf36kIS3FHM1KJzVaoUXXniOO+64jR07JvJdVeVHP/ohTz71hNvdQRy95H+NbEotDA0Oc+2113Pqqad2fC//TKIZL9CLUSmYfxH3mQh2/02MME5+XbonjHMiSMoQvBdwXlHOWuMcp8+y7pEfTGcj90+qjGxYSX3l9xja/TTVvA5o4ooItwX/dLk/9k9JLEESrOKf5v8/0L7lqP6SLic9SJkRUEyteXXwuxVxMQEty5AdoX/bXex9+QFazRm8fZBg/Ra2dtqVSpI1TJzSJckUDfOzCOB0sOOq1Sv50Y9uYMP69YdUh1TglLZqhREM6NMhKgiHQvV6naeeepJVq1aQZSbZVTHR8kLhindeSVdXF1deeRWtVjPe1w6Jxzpby9NPPcn6Q+yDKZNHVeKhTcFUSGMP/DxVtR0Hi0qoQkn9Ipbvq5mI9s4qFCVr1j86zte0niV0YGodISJ88pOf4rjFx5dcTJTWiZbeZ1XD7XfcxvLlL5S2/akqO3fu5Etf+iu6e7p93wXLv+iv8CQRl6Phkosu5aqrrnrTbVNrpxkt0B30ncxmTb4pDCD/J3FWKsESLWz58kO09Kx0iRQTzsHOtJRBRunedCt7tq7rfCMPQo3xPYy/ei/Du59gQMZRv7/c13JSiK4QmFAoMqkCFCy14n53a1BqvCBI+tM9zibfFkK/0CzKPsf2cLlC+y/vcy3b/G68JW8w275MZfNtjG5ZPfWOe41JQx9E4VT4x9PAInfNj8UkvDkGh2G55747ufPOO6iNH9xCPViGLZGQZ7FzAmHzpk2sWbMmLtE0sl+kUNxEhLHRMT71aXcAxvs/8AHG99V8dwWBUp7Diot2f/ChB3nxxVWl/dmdIiMBncLXW4r5XXKbSDHfO6gQpZSaFK6c9H2a5KWzlApWxzf9Om1rZ2ktHwZKMW/ePP7F5/8FjVqDMrrahheFfs8M6zas46677mJnYqWLCH/zzW+yYdP6GIcReY54fhTaIy7GY9GCxfzMu3+G448/vuMIy0yjGS3Qida2/4uGZDEZAvMoDsXwE1RcriqCZeKf5QR9MT0nEzphilkEmytabzBfX2HjT/43qsHn9hqQWnateRR95UYG7Q5sniQMaVdiEv94yiTLxndYvKFHtKTNum19rm/FnYWDyTIky5DM+KR9IWe2psNQqE4RJSjGQ325brFpvC+WrfhMdSEFrXHQuzYY2vswzY33UhvbO7193QFSTZSUMAa4a8aYmOMd/FYqDXv6/e/RePyqMcLuPbv4h+9+h8cOIclKiH4uw/ruc5HhTEp9fqT07LPP8Oijj1Dtrsa0nilEHZinQcibTc4//wKMCEuOP57zzj4fknvCb4sPrj9Gdu3kySefYOfOzru8guC2FP3mIPBEQGixRuxBxuDw6xHmSVvtEvQibu/rNEnY1qc+sWZxqEmqhEbeENfw1KhSqXDVu67iisuvotXwyplnWFIe9mAbUKlUuO32W1ixckW00l9++WW++91/wGSCkqOaF30UUb8QByGIGi6++FIuvOgiurqmthX0jUgzW6C3C6N4tGcCKbdP8hCcFGRXOFENIIGSwhGiTLKIwnPAJw1RS3XfVmaNP8Hqx++n83ry5DS+Zwu6+XFmNdeR2Zb3mRe4Q8p8gltKCIw7+Mw1qa4UjdYQPJcTT6jLMrKuCqa3B+kbYLRvCZv1eHZUl7CraxHjPQsxff1kA91UenowlUrIzBtRkBCQ5z6GZUXhIkiGjtJoisvuJxIXteZCb20Po6tuZfem53nNFKkpkhByuJtC0WybmiGy3PEcl+/+YNPIVAwvvbqa73//H3j11VcPfO8kCcPTbVdOKFhUKKUXPVxqNpus37CBDVs2RoUtKtcRdnefrbVc9a530z8wAD5Q6j1XX019vBz0V1Kt/Zrt6+vh6aeePKyUoAejEGw20RotlORiJ8LhCbIDkYi4hE2uNqUYhPQeV7okQrUzpKp0Vbsmtf5LSqkWAvLQ49wn0tDQEB//+C+TmSrhaOYC3UsMES+UjRG2bd/CbbfezM6dO7HW8p1v/R07R7YXqXaDwRYRFW/PKTQbTU5e9lbe856rmT9//mHW+o1FM3tP0AQJINEqdNZNYBrJfYmhHr/Hy7HU+g5nVrfb6wKoxWoCf4rFtGoMj69hy8v3kJ9zMVmlGw7GkY+A1LbYu+5p6i/fyVw76s9ilhhKoBqEcvhF4kOKl/yhE3HBuI6JfQIgFbS7ivYOMFIbhK5+1uXLOPm8yxmYt4xe+jGZByZbdTa9+gJrVjxGZd86jhvMmV/dhYxvgmbNj0XQpArlwXW9ErZzaXsAgEv47CwEca9WjDs9t9VgVnMD+Z7VNGunU+2ZmT4wifMQonqjKaMpYPfT33o6y1csx1RMZJbtUeHFM+C2O27jjNPPZN68jzAwMPnefPWDmkZmTxbxTZsFf7j0wvPPc+89d9Pd0+VrK6XlENqaGcPY2Bgf+9jH/aE00NXVxTvfeQV//hf/2TNgjcK/VFUc8vDU00+zbt16Tjvt9I4GNLlUsU6lNGF8KI9XrIkeviDbH0UBlvCp0IdFHETRrUYMvX29pbk0oU3tfZjA9e33i4hL/Vpxx9mm/u324DtJ3h2uH79SqXD22Wfzi7/wUf7n//4yvf09UVmSdO6GvhalUqly4803cs2119NsNrn1jlvI8SipBcSggW+X2qj0dfdyycWXct5557+pA+FSmtkC3Udv62TWh+egJa2SwFQDhOQyRWFxQiOa7cF6SZmnlj5H0RggYoGu8e0s7H2GJ+/5Ry549893uLFlatb2Udm3mtm6BvVR7XhYLK1XsYAD3ODaoiJICOQR/KQvFAAVwWRV7NAcNo5B36LrGTjpvXQNL2CAAfqGhqlUu7324J+pyvy5pzH8tvci+RhZcw9bXriDxvJvcfzQHrLxcTTPyZ3GVfRl6F5XsPfReYs88QloSUPTyOgH7Q5WPXUrrcGzWLDsrGnt98MhlbCjohBsAaYsMmSByQytWos//uM/5cMf+nms5Ci5Vz5N6f44P8Uljfna177CySefwmXveMd+rOtUoQtoR8Hgyr8pC9+pUp7nrH5pNc++8CxdXVVaeV4IO22DhhUG+wY5+5xzo5AwxrBw0SKuveY6brnzZhzyVox9aomquniCu+65k3POOYdFixYdfsXbKMuyRAsL0HobdKvOUoyIXodJtVAG7SRoQdonla4K//2//yU//P53ESBX79wIkJZfL5nJwEiRBpvEleg/G+OiyXeM7GBkV3EQVVmRCdco+E/kM4dHQ8ND/NzPfYD77ruX9RvXQlY2TAo0yZdolNGxvXz7779FX28fO3duQyUkqCEevZsqtCLQqDU465xzuO669zE8PHzY9X2j0YwW6AG2lLjA2phSIjSCituezMglhyBO+jARSs8BjwknGjmFlRMD5KTF4L7nGR65h5GdVzJr9pzp8Wupsm/jKvY9fwuLdC94P58VjVaFryDu/Peg1pMIA7zwtB7NKDbfGAHp7qPeN5stlbMZvPxjzD3pPLKuQSTL6GlXcDyjE4Hu3gG6ewcARW2L6pwTGD/5MtY/8Q907b2V+d07MU2lOL/BbQeU2McUygg+DawmTCKR/iGPtTTHWDi8GmNfIm+eQjajUvGS6FFCkVZF4nnfIoJVi1ghb+WcdNJSfuPffIHf//e/S+9gF0HRTJlp6jNVUXbu2sHXvv4VFi5axNKlSydUodlsRks/Pau7lGzFKwnpgSOHQ/v27WPDhvXs3beX/oGQPrNYW2m5auGss891yEKyVvr7+7n6vddww49/QG9/b2GVRVO1SKXa19fL/fffxy98+BdYuHBh59acuL51wjwrCTLXBhNjc1x7puFI5VTxNUzgT0WkvXPBvLLmZTZsWOd5ggIh2ZOlWDlFvUMR4o8qLSkMBnKrbn990v+TCXUIBpOUxnGqZIzhxJNO4pOf/BS/+3u/Q3dvBgFOhfJc9fzMZIb77rsHcKcTFsqvwSZIVFAC8twyPDybyy9/J6eedur08OgZSjPah+6XGglADG3TPXqdvO8uRGgqgPE7J8Vr4mIK2ac4gVcorfGZTktPrBr/PKs51eZe5o89xPKf/GDaAPdmfZTWtifp2/cC0swTDZzYXsWd5hT2P8de8ee/i+8TTZzX0WfX08vunvnUT/sVjn/fnzDvre+k0jsbySpJRxysdYKYKl19sxh6ywUMXf7r7Djpw2wzg5hu46wawY+LF9hpOjkBNJx/m1z3VkewXFQVaVr6W3sZWf0IoyObj6hvp4ucpyGcBOgoTfACoNbSyltUKhWuufZazjvnfAyZF7RFAFQJerTqnmuUe+67i/vvv4/R0YlHzbq+1qg8BCZZBFU5Mm2o1uHQ888/x/d/8D36+vrcyVvhAJFEiQsKw9i+Mf6ff/mvJmTmqlarLD1pKcfMmRd0Id+ONjeButiDDRvW8dLq1VNKtnMwcnW0iOgEBaeAnEPFppZU5ZBJvPIGhU5LIdgUjcGUYgwtmzPWqDGeN6i3GtQaNeqtGo1mg3qz4V/HqTfq8a/RqlNrjtNo1mnmTRqtBs1mg3qzHpPlTOqe8RTce2hyOtwRUG9vL++4/B287/rradYbnmdP1jXi226oNWrUGjU0HgxVIFqx/v6f5pazzjiL93/gg1Sr1SOq6xuNZrRAD4Mcji0P/pZU2MTJn3KURBA7ppYTgrViHEaiJ6QJWULBwecbtmjZcL9t0TO+jQV7H2LrpvUd8UeW22wZ27GB0VceYFa/P7IQt1Ut1N0hEL7cIMCD0PbaSdRzBWfV49pju/rYPfscKhf+NnPP/WW6BuZhKkc26cVUmDNvAcdd8jm2H/Mxttd7MZUgxMBNs2A/KPHAYgHISz1fLNDiHisKtV2MvPgA9d1bjqiu00UqxACneHxoipbgoVXrkJ85c+bw+//vv2fHlh1kUvFMqnQSkfuNhxRzsfT09fBHf/QHrFy5YuK8C/EKYS34BRPWR5wvWjC/w6E8z9m0aROrX1qNMRmBhQSok2jxOoSiWq2ycNHCiT5ZEYaGhzn33PNRf35xsWWKqJyrV1D6+/u4/ycPsHNk54Q6HS4FkRmi11Pkoj0gbIIroYOViO4ZLUY/TfSS27wQquF7b5D4T4QRVVWs77cwxhZ8MK2S+z/rz2lPD6yJCElSflLNyFOOlESExYsX8/4PfIDB/iHvC5/43HSOp/0RrPL03IIQ/9DKWyxYsIj3Xf9+Fi1a9FNlncNMF+gAKhj1O2hNsQjTAA4EjyMXoJMkAx2gxmDbuhu85Rh95MWBGUgFqIBkJXtV1SDWUKHB4N7HeOrHX+u4lW6tpbZzHbUNz0Bt3DM6t4fMoQTuXHGN/rNiMRZ7ZZNlF4xfMUi1m9HuJTRP/DCzTr0OyXqOCD5LSUSYPWc2Cy78BHbpB2l2zUYqgsm8UqQOeg+R9cWZ2SYRglrklva+E1UDVjD1FouGq/T1MD3Q5xGSUdzpjH4rWtSyvAaWeYEVfNvGGJYuXcof/MF/ZGTH7gQR8qCpj0RXDz1XqIIK3T1d/P7v/x4b2o6YLIKL2iwtr2gEkW69ADvcEK9tW7fx1JNPUOmqYG0LDSiLV34FcUe5ekvuFz/6MYaHZ036rPnz5/PpT3+GWq1WOkAlWsvqkzcb6Orp4tvf/jvWr13bOSXa+hp74ZBlWez3cG06BUJUziVA2cl3CbpSqVRK9YuBlKjje0bIjdISIDMRJMoN7hRGkRgUjKrzO4uzfsMzTTgu2dehXbkp6klH+sQYw1lnnc0vfPRjjI/X/Zns5faX+iI5gz32gXcvxXstdFd7uPCCi7jmmmt/6oQ5zHCBrvjMYcYWqHOUxwWsKCJgbWq+JgB1sS/W/5LiBjdDo2bqIyYDjF1g8R4SRbHGYFs5w3Y3pw6u5pUn7u2old7ctwO75RGWzG6gmvnsab4nPNTk3AieRYf+SLJ0iV8dSiue9mUM7KWX2pKrWXTeBzslx0skIhyzaAly8gcZn3s+WdZPhYrjOcb4P89AjGCyCibLfNcHWLGS2vJ4xyJGLbOq46x57Cb2bO/8FqYjIgFnZPqT0QN0ThI9LeKRoIJR9vX1cfXVV3PhBW9HrOCCOf0DPRkTTqZz89tqi+eef4rbbr+F8fHxog5xXbj5Hywv6xEB0dzPl8TlcRi0cdNG7rv/fgYH+sEImWQRFsVbmoHRju0Z48p3XnnAgzAGBgdYuGAhmRRRyDEGQNRv1cxoWUtXbzf3P/AAe/d2KCeBdwu1u0YAwnY7KEyBSXHhIyAHKmrRbxSIYxoLU4ylq08q0ByQ6M58N6HO4hR/rxlH67VU/6QMt6UyxvcXz45KxfQoNrNnz+aqK9/F6aedSe5PxsPXwdqi/QrugMbEFZUqrtFat8qSxUv41Kc+Q09v71GBPvMoQMU5hqAlqmdw7rg8wUVyx5MHcWlEo5VEIejioSXWBeuoDRCln+zqIuO1KD4+Q4OGa3OwSpaPM7j7acZfvoNWfawzzVVLs7aPxp6N9GZ1v4BD+eLrHfarBkjaqy7RbSCgubfSBaM5BshNL/b4dzLnrI9ANn1b7kSEeSeex5buc9gpg85iwMR+dswi7Me2pb4PfRAgV2dS5lh1il1ldAtja56lObZnWup+JBTg0hDz4Y6aDMlIXACTFYO1lODnRYsX85u/9W/d4RWm7E+HgrkniDn9gwP87u/8Ds8883RMuNHjhWa75WK8hRYOLnJzyaKHERSX5zlbNm/mxdWryPMWWEuuebT404ApwbD4uCWctHQZlcr+Y2+PPXY+P/uz76ferBPSq5aEqyrq19zw8BD3P3BfxwR6QIPS8QjCIrVOrQ1/nUeGwqrVZDnGgMIEiWzfepYGgqXCLd1JULJyaYsLCuV4owhC9kZbfOcNmukSiyLCOeeeyyc+8QmqlTTpizNAAgsIXDwEmIZ+iAcRWXdUbl9fH5dd+g7e9ra3TVONZz7NaIHuUUy3qJPAHhSKY1C9APcnq6kNUG3QgCEKZC8Yg8XdrnHH7TJliR4LdQFARdBWP2P071vBigduKQTSkbTX5tR3vsqeFx9Aa3XfDplQVYn/F20JGALkxU0Brq/2sXfOOYzNv4b+eScdcT0PRsZkzD/7A5jFl2JNL5lYt2swotBhUSYtigpYmbkFsgjko8zt2kk1H0Fta+JNrxdpOPFdog6YMtbQ4mjtkEQuG8MZZ5zJb/7mb1EbrZOZbEKSmFJksQhWleFZg/zJf/yPMS1mlmWUD9FpF1Tl5x2O9bJx40Z++IPvMTDYN8nq8bPSr69GvcHnf/XzBz3Zas6cOZx33gWQC8ZUohIdfOlBYLmNJsr9993H2rVrD5rq9pDIGwBpv7Vbge4afop2ll06C1u8IYF7Df+Sso1PjhV+E3zuob7te80lVNjdUYLzU+vbfcbziRC62n4ATDHKhXLZOaSiUqlwzjnncsXl78Q2cw+yJvXXVKkpfOaBglJixHDiW07iM//ss2/Kc84PlWZ0y9Vn1ErTuUchlm7LiNa5eujPBbUF5qr+cyFKbFpI+kJ0NeHeaIn5Ffs+1SomH2fW2Av07XqasV1HHqyVt5q06nuZM1zFNoPAUlIFwzE6r6CEI19VgDwR9GlPGcbNMYzNejtLzno30LnFuD8SEYbmHcdGcwJ7s24HlzF50aklSsJ4ijeJ3WuFhUMNxkY20exgtHNnKUF08HOPctPTLWngtnBddullvOuKd2GbPvjxAEFCjkErzzz7JN/4xjec5egtzXCK2QEFdqogHCKpKlu3buXhRx6hWq0W5wkkjwqwrhFDZiqceOJSurq6oiBo/xMRsizjuOOO47xzzydq4bEnw/wuLLLB4QFuvvlGxsaOHBVLxV5oYyrsIhRPUNamCdWKlQkOwrbZohoNFQm+9ACDT2J1p781ZuJciNa3gnMR5UU7vcJYgrWl+J0w9blzMDpp6VKuvvpa5s2dj5ZYcxiLMAlsmV+EtlhlaGCIj330l97UR6MeCs1ogQ6gJNhLaqIjxUpQfLaxKIlJ+A3tezLD/maNn4nPK1m/CnFDtXh/mwo2PMNCvxmje8fDvPLYbdj8yKzG5vge9q19mPmDLXdUoQtPjTAu+KjiALeF5DoSoHml2BqmIGArPdRnnUhlwZmYriGYJqbUTlmli77552FnLcFWur2s9qs1Wgc2MhEn8Pev/Qf4sdrYxpaVj1Mfm7h163WjoGMicaRCL6fWQhrk1k4nnnQSn/z0pzl23nw0Vwzh3PLCoi4FahlD/+AA/+2//iWvvvoq9Xrd+SClzcfaZo1H1GqKVlatVuPFVavYvG0zeUTHgvJSJCMOn99y/PG08iavvPIKq1atZOWKFaxcuZLly5e7vxdeYNWqVbz44ioajQYXXvh28lbTz5NUfS/Pjf6Bfn7wg++zffv2CdbaVCm68LSImnZFtW+HKu7vNEXhPQksVba0/bvcQjMnz5U8d65Dmyt5yzpvYG6ja85d96+5xeYOmra5dQGcLuTDK06pr73c4HYh2mkyxnDpZZdxzTXXkZnKZOCp4xN+7qdBk2qVTAxnnH4m77n66mmp3xuJZnRiGWeR4jK+oT6TWPJ18PEEEyhJngLud4n6Gy56LTMtJzXPQ8lOgxWfljQqCobCMraKtGrM6l6H1J5k9+aLmb1o2WGtfFVLbXSEXeuX85bKroAFxK1qZS+AuxL8/a6OvgE2tNGCMdSzPsb7T2TJ6VdNuU5HSotPvZiXV72FrvxF+qVOWKmhquC22akXhsHv74Y5jGSSNQqQZo3m9oewtU8CMyQ/c2RAoZ5aQMYJAhS2R1prXTavhESEc84+m09+8lN88Yt/Qb1VK5SzthRl4dm55vQO9fDFL/45ixYuIah+QUly5bYJ9SiHpzZHd+3axW233cLwrEEU66tU9puHttrcUm/W+fKXv0Set2g1m7RaOYLQzFu+q5S+3l7ECK1Wi917dhGCr8pzPbz1VnOeM7JzO8899yxLliw5oH/+oBT9xIXPvr3fQuCYlBZh5yjG9SR1CPUoB6Y5QfbWk05hzuxjfHZCF4OiJMmDSn0W/i/EdEh6hBiMCKOju1m5eiWt3MXahC2uzvK1xXyh4EXTQbNmzeKKK6/kmWef4ZnnnkYljbAvAvXS+RzioWYNz+Zzn/s1nxb5tTFYZirNcIEeBECxF7QYsOJ9SaMGx3AkCAh3bwzwMCl05mHegg2Gu92VwEud1PRGbx4XtmOsSm++m7HND7Bz+cn0zZpPd//QlFtq8xb1PRvpsbuw42OEiOcQo+/keHqihxbKSUloiFO9jYBUyAcWkM8+Fan0TVrudFKl2sUWewLH9h/DwL59kEPcqqa4/AKIz+Eed9I6i4mi/yUIfkDznJPmjNFl6qVxf10pIAtimIzrFwzZBTPuz9Lp6+/nXe/+GZavWM4PbvgepuLbpumzbAnON1nGPffcxezZ88iqLuBNJHOZ6byFnwaZRR/tFJpnrWXTxo3ccuutzD5mmJZtTYB50zaZimHr9q1s275t0nLUgNEY/udRA0Wy5CClpO9CGeC23Q0MDfKPP/ox73rXu49MoPvnGpkcqCyalKqUnaPy1riyMA+UBuLV63U+/ZnP8t5rru3YyWFPP/kEn/uXn2Mk7O8XwOqEPd7t9eo0GWO48MILef/PfoDNmzayZftm1+tSVrJKAZMCRg3XXHs9Z519Nj/twhxmOOReRgbL8NMkbDP62oQi2Yp6DTYeC+ah9DQnehpoEsWnpsW2wdkSoEW/1POcoXwb2aZ72f7qM5PW7qBttTm0RjlurvGBRaF8hyaohIXlcbJJ+iGuNx94lUuVvdVFzDv50inXpxNkTMb8t11OZc5JaFZxAT4aYht8HgDUKWDRzLUemvevIRuL/xO19Ff3sXf3Nlqt5uvSromkvu+DKVNGklLI3CFK+2c8xx13HNdeez1Ll55CnqfQsysnPD6Ncm7lDXaObInWssb6pJVI/6bG+Or1Oi+88DxSMbR0YjBae+S108ksSu6i4JN/uebYPMdqTsvm5DaPR8a2Py9W3SvOIc1TpZrxoxtvYO0R7kl3RoL4wLRyeUEZCveVAhM7RGEbasAfJgtWLH22lka92VHou9XKCTE57YF2MMlYTKPQrFQqXHHFOzn3vPP2u0bSPsqyjNmz5/DJT316Zij2M4BmtEA/NCpSW7ZHR+KvhaG23cM0B9+CMZm7ru2LNcWXpLB+I7Mu9qwr6pF3f3BCXqNn7wuMrX+U0T27ptyKVqPOni0v0S87CPvhJyzbCEcm1lFJ8wjvrDuDumuQvdUlDBx78pTr0wkSgWPmH0dDZ9GSioNUVWJufuNtRaMuMYuhgNOMKCIWkdy/4oS7yTHGMrJlPXlzZgj04PcN1qYkzLFATQrmfCDeIyJcdNFFfOSffoRZA7PCNo/StNbS810gaMu2cBHbYcsTTGqxqMakS4dKo6Oj3PCjGxgc6g+iZ9J6T/bZ6cJFxrqAEQRl+GA1CX0HlHIt9PR0c++99x3RVrKQBldL/dtmBVK0djqEWURR9vPo1DpFITMHVginSjF+KNalHAgc4woimjkNfoeE+gcGGB4appJVSIV3e1wDQCYZJ51wEscee+xRge5pRkPu6QIqWaKkFouJ16CwytthLMSQDy5h/NiLsC/fxEBjK9bmBFbsLO9EdoM/nIUCKvBWjxL8vN4aERC1zKnsor7tIfasv4j+Uy+mfRvRgahRG2Xk5cegay9xjZXK3c9iCth07A+JLgLtmcvAcacV119zEmbPO5aX6hkN5lCt9mGj20DIxKBqUHGpdd22lIBGhKQexcl5YJE8x9S7aI7tcajGDKDCujIlRdJRkV/dba10STwONDO6urq44oorefaZp7nplhtRXGa9gGxAgVy54Rfvv7BRgQgwdlFHia9mEktwf6SqbN++nQceeoA5c4dxSUgKK+5QnhNVzjZovvCNtis55XUf12BAF9QlpPn+97/LJz7x8QMmrjkQReWkzTqPZcdOnv61I5EPTaRwyI+iVCqVzioWQUOMH9UbLO23hfumty+stbRazZKilvrRA4Vx6urqopLNaDH2mtKM7wnxPlajDphN7VAKUUwQzHGPM5TuVVMhrwxhjzmP0b17Ye2N9Gc1TOKTLARiAW1Gkytse0vO8o48xt+fterMqi1n7+aHGVt4Cv2zjzmkNqoqmdaZW9mK1muu0IBAJ+0obYBS/BGpGr8t6q5YU6XWNZehBae9fvIcqFS6GHzbtWSNixBjMRpsNJc7QP2eQwl+BYJAd2+CQHeMxyLkZNJkwTFn0tXd/fo0agIVcyPwvBDD4VxB5X3CKQOdjESE448/ng9+8EO89PLLvLD8GSpdWZt7Jcx6V4YxgrXJIB+giHYL9EBUr9f50Y9/TFd3N9bv+NAwP0N7KL+X5L920SBxnaZtKd0weZ3b3ijKU08+zssvvczpZ5x+SG1pp1ar5eB+icu71I5Se1SZjpTDOonwbP8eLe5rNluHgGscOoWdEWl5UrDACUpbJ8ueQCHgrU3JCvWIdQ6Wl7pkR5MFmf600owW6I73eag7+OaiSRwEQ0HRCkkEbrBwVYVcK3QNL6Z+wlXs2bGcAfsqpj7ujz5JpV6iHHhh7qyIVHgWcLf194oqfXYn4xtvp7b4PHqHLz+0JAeq2NY4fb1d6FjuhRgEn4DTKQrfs7NaQra4wGQTREOEXCrs1LksPebwou47RmJYdMZ7X7/yXwOKs0BC5rsiZWbZL+l/cAjjISKcf/75/PwHP8TOr25n244tKTQFOMi4pK2lSkPynCigvJso59AF+q6REb79nb+jv7+XEJEd1+F+SBM31wS12yNooa4TIFUN6ypVWIq2xTzlec7g8BDf+Mb/5k/+9E8PC3LNbe4t37C2y6hDmjfd1aWz60gD+iZ+bCYJPiuUL7fPLM+LoNxOUKp4QhrrkRo6xH3vU1EGp0px1KVwJE4WTxF2HihKs9nE2pyMowIdZrgP3cGGJWO1gJdTy4Aw8cuvQnGogJspGZWuboZOuIDW8VewM+/1/s8JpcZtOQQFIqlE4Xcq0AD3KkiryWB9FY01NzG+c90htTPPm+zcsAbJq3iORjiCPZRU5ubq5cYkpreHJa0Ydtf6qfQOHlIdjtIRUJgrfl9POjMmMGcOXTB0dXdz9Xvfy/nnvZ3MVIkqbMLjAsTukstoAv8nwtNTofCGRXFgstayadMmtm7Z1GZRS/qhBOcHxTbUzSnk4QCe4K5qOyWrZAUqITuikLgGoqD3vxPoHejlBzf8gN27dh2WkJHSa9E3qe+2FM1vDm3cDrl876ZRPx6TB8WFoZKI/HQccU/Us0IBbFO4krum1V8dym9na219E8d7or/mp5pmtkBXyD2zjFHpkk5y952DarQMnceJWCxbq46R9A7Np2vJO9k3fDpa7ZkgmtUjAu0BIxMpVKaoL7nQndex6+5mfOtzh5RsxuY5u7Zuoc/WMEaifHDF+zzuIu7YqaTogsUFjdX9UBVM7wCzTzjjoGUfpU6Qt1otxDlBGdpWDVuBJlodB6K5c+fyiU/8MstOPIW8GRLzUHp+ujc3BIGGuRshTAq4/1D3E+d5zpe+9FcMDA2Qt8UrpGVFtEzctlCTuUN4sqxCJauSmQrGZFSyDCMZmamQGf+aFX/GhL/AvFNrUENBMUudtZaxsVFWrFh+yP1ZaoMxjm+0KV5pG2PRUxy3Q6Ykd3qwTCfdUy7O/dSeFvjIi7dtbqL9oDthnnW09DIVyoM/A0GKeZZ2fUnhmuYT8d5oNLMFOuL95uKt7TRPcaKvRxgm+LhCJG1hO6gKOV1YW0FMxuzjTmfP0NtZN9rv97/6MrV4errIQo3847y2GuCDcvQ7zZzZdicjj3+fPRtXH7yd1pKP76Iv2+bb5k57C2ceR5YcJnmoYdRO04VnUcmgezZz33JmCck4StNH6s8SKKhQJEvWRdsWrYORiHD6GWfwkQ//AvOPXeD82ElI9ASrTiexZlLBOIXpUKvVuP2OW+nqqkZ4P+zZbt/b3mq1GOjtZ/7secwdnMPcwTnMG5rL3KE5zBuey5zBOcwZnMsxw+7a3KF5zBmaw7Gz5nHs7HnMGz6GY2fPY8HcBfR399Nq5rEPQxR6KC0IfFXL0PAAf/anf3JYud019KUU/Va0rfgcWU6Hl5KqkvvzISSu6tR48FeicsZ+98wfdh1skcCqPfistJMi1GM6Zae6RDHh0JyCKbv/guUe5rPLKTLNiMEbjGa0D92Ry39VEqp+hcWAMAGXEtXBntEnJN5CV1AxNFtVKnkVgN6BYRac+R7G6q8yvvUmunWvm1AeskbDSW9hJQf7NwhUL8xFY/7hcEfFWrpb4/SPPciezY/Qe8xxdPcOHKCNlkGznUq+gxyKJCslBlLC+12jY3011klwEF7eNZveofnTuwCPUkLpuASFr7CyrLVkkrmtV1NkQJVKhfdeew233HoTO3bsAKN+73bZikoFUji21ZZ8+O79oUS5qyr33H23OyXO5oHj034aV4TLrfLhf/oLXH31e10Cnf1ApNHy9vN3AsRsDD+5/37+5lt/y7aRrWBtaQoXMsULwUx46KEHeXn1ak6Z4ilbhQskBF6GduHySGmx5mEalpJHTCBYyhph/fZxDSytI4fSJFSpVoo2SzJOSEkRjCjGNNsHAfAMyS81XpM4Rk6uh3Xm+o7sqA8dZrpA9xZqkRSmuK5ezKviU7wKETvygq7YZWpRyd3Z4jGduOGYxSfz0qbL2bXnORY2VqGNHNS6bTkEIZl7zbC8Pa7MtFONWslRjLaYZ/bw6oqbqS+5mO7eU/bbzLzVhNYINJu+foVJ4NqRriIfsKcWK+E9jjkaV19jhLr2Meswt/McpamSxP/dlA1qXxkOV5SWsd7anRoNDQ/xW//ut/ncr/5fbNi8gWpXhVbeKsoOKNWkfthUOBQK8QFbJMJXvvwlBgb63FGw4BCvALMH8krD6aedyaWXvoMzzjxrym0rP06ZPTyLF5a/wI9v/jFdPrrfgRLqdxKETIIuPWn/YD933HHHlAW6hLXjHu0sPhFU8wJ1i/dKx09bg4KtBR91yT0SX8OxoSYexNNJUkATBSbM1fg+IAiHGHtx2JTMXU34a0mZKPHDHGmXDT/lNKMh90BJOEYbgtw2yYyL+g5+wyIZAl6ty0jZkalUmbfsMkYGrmBHfTbROR9OLdDcKwmmDFu6oim2WhUWvK8wai2m2WB24wU2r7yH8X2Tn+Gt1lKvjTO6cyuaB4ShgJ08H6N4UcKBLYJgrPitYH5BSoaYbvLueWTdRwPiXjvyjDd88splKYUm2pY14dBJRFi2bBmf/tRn6Ovqo9loIqIYcf7GPM/ja24tNrHOgyUfp7e2zeVJqF6r89gTjzl1WDWeUeTq4tvnzafxfeOcfPJbOeHEE6fcrsnaOX/hAuYvWODWduYEukFcutgEhbU2x5iM/oEBvv61r1Gr1Q673OCbdmdum+L4Wx/d7bZ3dV5wpLEPIQ1sKRBPQhChOyeqfZtZR+qAS+wUy27zo8f0tEk8xnRS3JYmJO6VNLFMEFvtqOVRmtkCXZy9K+Qxu1hhCwf4LxGm0ZJ23wnik8OI/8VEWGZ47rEMn3oFcuzbkKzLzSPjUAEXfZpFq6Tw3/vKxWyybdf9mrBWmNXayb4VNzG6Y92kiVAUaDQa7Nmzq4DzvetAfK7zUt4Y70uLJUaLq/ge04X0DoLpPjrZXwMq5pdjevFoS4KACBa8QcUcdnYzYwwf/NCHeOfl76S3uwfU54ePcxBMlk2w1qOy51+NkYNGbP/xH/0xQ7OHi/Yl8yj1+ohXot+yZEnHjq40xnDxhRdx5ulnxqUdgqQUjZayMU7RtrbJyMg2NqzfMKVyCsEtidKTjJuRAp2AI8pKtz8KelH5WmEdx7mlAYruLMvObV4KoAxuiFKcR2Svut+Mdp2goGiGY2vd+BYkfm2p9bxdjUsqc9RCjzSjBbqgLgUoBZxZ+j7AM4VdFKM2JR6UoeHmycsQYfFbL2Db8KXsYA5iMpdvPPq3Quk+HasqcVbHCpV9/OrLEwTTaHJizybWP/wtxkdHJi2/2WzSatTAn3nsHuNU8ijkQ3tj8hVTanm4S1TRah+58RnZjk7214QKn6N1Pr2wjSzxa4txiMyRDEl3dzf/7nd/F7GCkQwxhYLgtq8FpbEotz05SBJmOSmpKjfdciM9Pd0T/MjtkfvNRpPLLnkHl15yGVmH/JgiwsmnnMLcY45hfHw8Xd3eWi2UpNxarEDvQD9/8ef/+aDIQ3s5xWCkCktYV4X1rFY77r9OFfFUkUiplLjHasdhf2OCAVQe16AEtgeiTSc/ibB66m7wdQhIV3rokDPYZka2yJlCM1qgQ5jobh+rxLPJgzMlEXTJexd3E6z1ANNZIJ9kQgpZpZc5p1xFffhcGtqLcQAfBNg+UQxEJO4bDb/HBoWjuNdpuu43A41NzN7zIFLbATrJglX8OcBtySVKVfUlhDPQAwAf17tnQlawpptas8zYj9L0UfD3lYGUYgtSsCysdYfL2CkInclo7ty5/I//8SVsw52DHZTOUg4GYaIgj7589ovcqCob12/glVdeJM/zeO9kCoGIUK/VOPGEE1l2SmfPC1h83HEsXriYrqyKMcZDr9460yQmACfoqArPPf88tfHxQy5D0x0H6oRpjOJ3NyTrsfOyLPIqnF9cA+wdxzLZlmj2nxr2SMhF+ltUbbSMAyqQng8fBfs0I34my6hUKz6o011LAzBDP8W5Tu4U6KMEzHiB7vEoFRcAFgZZw3desAerKFglYlCT+FmCtS3OzzmBRFiw9Ax2zDmXfYMLXcSkw7P9Ew3B/+7mtdte4QR3Hp8pyf/hxYoijRrHda1lzUN/S2N8dELx3cbSKxmqE4/fLJ4poAYhK6x0zwDSGAMRhUoXtsP7VY/SAUhAMRiyErwNwWq2qBSWcrUDR36+/eKLufSiS6jGPNbqBV/BhNspwKlZct9kz/7mN77JwkULiKlOE5QhKKoBO5o3+xiWnbSUwaGpHxl8MLrkoos5+aRl5Ci57z+TKKjRrWAMzXqTXbt2sHLlykOGxgUBm5z+J0Ju80TQFuWoToOF7suFwhgoW6HpdkeS+zpH1uaeh4XqSFmAJteAju+Dn0BqsXnuUYLyOgrKaGk7YfL5KM14ge4FmRADv4BC5nnfXhzkELihzhKKVroIYZ+wyP4WpXDKpR9h7zGXUssGiIEw6jRYbGDIpQq0wXaF4MVmqA0QkiBj++jddjuj21aXNEoRyExOX6XmffzGC+zCdxbJBMeDFmWH8DiReGa4y5E+w4f2TUQFQOsETiYmWnx5niNARYUKcsRCIWWuf/W1r6K5RdRB3dbaEvwerrlXDV6AAwqFRr3O//jK/w/GkKtLM5oHBtvG7JvNJkuXLjviyPZJSZVLL7uMZctORptKpiZut4vRz4kFa4xgKsLXvvqVQxboNvEXl6BtbyjENkeLeRoswcAfJIvBXu3W+YT94B0kF0uRIJ248U4VimC5l2OFOk+hDMm88WTTMfEZSSSxzq1i8yNHvN5MNKO5vsvY5oLTYsoYH22qXtilPma1wecCMWEEOMjQ+8Fhf0duCr2Dc2jNu5SxgWVo1h2AfghwlwSk0mWY8hUKlSWF5p1HIEw0i1jLomwPq27+c+pj6fGqiqFFTzbqYP6giceFHL2X7s8jB+F60GPTfc+WJnlrZu9IfDOROzyohbUtcnXndos4/2QmBlGNwiNvdQa2DMz2a1/9n0iznHcbivkTrE1jhMwzbxEzaVCcqnL3nXfR09ONzRVDFoVlu6UoIthWzmmnn8l5F1xwxO2ZpIEMDA5y3JIlDA4MIqo+93peal/cxmWU+niNJ554jD17Jt9RMkkRYJxgTwP/CiXBJHA32HwaMqUF/3RIMCPhNLziFmOKxFeZyTor1FWZ7Dx091qU7wyGYDNNn1C31tKy7nQNEqUiqTAiio9ldHWbttq88WhGC3QIa0y9ie6tZUL6SvXCvRBm/lLcTSY+kEYkOyQn2Alnv5s11QsY036i994WQRiuNorG7HDeDycpRw2KhWBRclXyVotsfDunVJ5i88qHkuAlEKkx2DfuUATJwNc3WAf+iREtUJLgOcLRogEpsOS2wtY9sw67z4/S1EhKb0L0hZsvLuLdMcvcWlraKiyeIyRjDG+/6CJ+/Td+g/GxGqoui1pQYEVcLIhDigpUqV6r0Ww0JrZDhB//+Ef09PUWQibGkzi1UTBk/B/23jzar+uq8/zsc+9veJPek55myZJlKbIVT7FjOw7OQBJIAgkQSAIpCIGudFU1rKJSdDf0omvoxaJqQRfVdBddDTU09AKqQkiYMpCQ0Y5jQhIPJHY8xbZkax6f3vyb7j27/zjT/T2NT3pPek5pez3rN9zfvefce84evnvKUAtbNm9hz003LiuDv+NVd7B+fK2P5jd+Ts6/m5ksxpqIuv3d7nT43Gc/e1H3t9vtoqWNiIoiGMnJsozMc0YTqpFhKMpiyb3YxmQO0QPUdxcUydy/JGEW3H1ZbioL7vJIVRkZGcVIaMnqrm/IEMkS0lFR4pY7bU2tjW2tEyApztUY9leWO35uMrrd3rJkH7xcaWWbcV6Yi/ELGkh+8tCIInwW/Hy2+g6vAsdj5DwbXUSoNwbYct9PcfILTzPYehRTthBVCguCy1FFS3/9al+ocI1gOYcvDAFfsKUySotnvvR/sWbHq1m1ZoP7lRa4tiw+SzkG1MmCzRs95dHVAOLGomAdmECphqniWg76laJ6vcbQwBDNunsuzqJJUDy2jC1hh5vDGOOY5VJEhYsIf++n3s/v/O7v+q6BDlc3Web1v9KvIVe2NdOeC8w7S3Rwr9vlK1/5CqYmDOT1ZCUB6nPsxbpYlk6vxw07dnH7rbdf9hzOR/fd9zo+/pcf5/DRo+S5YEvfRFmcwuy63Hkxo5YM4ZGHH+a9730v2QViFVqteep5jWa96Z8XZFklO0YTxIsVGvXGkooztRYtSwYaDR8WY10vB28tW/VFiPwYerUGS6lRODi9oF7LGfD3QDLjgg6xqBGM8cqFgdzUGGw2L6kw0sWSqiUzhma94QQ6Yf74IEZLntdczpHJaDSbyx6o93KiFS3Q3Vr2ITgC1YTsquUauzulXzrBLj5PVUkCWC708IWNW3Zw//CbGNHjjM/vBdshuNMjQhCu7X9DFMH+G3VBei4q3h0jqtDpcPPofl76xp9z69v/B3eSouNhhRSEJAQITPvGFim6tPzAooLjYfl8GavEVf2NC0amfe/O+OElXa7/3JXPV0AwjDHCza+8kXf/yA9jxKK2AHVhkoHxqSp5zZUcbs13XEGUJSxV2Wg2+a3f+j/5wuc/R9HrxM9j1LJHqYKw2H3jTYyPj59xnrm5Wd77Yz9Gqz2PLQos1luQbm0bQIwhy3OKsuSu17yWVyyyOtulzO0d73gH4+Nr6LTnXDpgVGjdv1mt5viEtZQWNm7c5BSmC5x7w8aNvO37v59TExPYwkP5WATFemXBmAyTufibG/fcfHHtkC+SxAhbtm7hx971Lubn531+tXfPeJ99ntf89aHsFWzevHnJBKqqsmZ8LT/w1rcyPTUZ0Y5QLTMop3lWQwzU6g3ufvWdF4V0XgqJCM2BAe69625ygaLXA/W58hUuUKvl5CKYvMYNO3aSX2aQ6XcTia5g9ebo848w8eC/4RXybez8ROhZQr/ASAlDQbN0gTM2wkiopZeNcmrdOxm+5wOsuf72CwgDZXriGPs+81vsaf0VWWvS1c7WIFR8v6eg1iPnXuMGF6QnwXrLkDxjf3Yja9/zYYZWrWHmxQcovvDzDHe7hL7HQIwojqeO0tMxm/4RK5mC5EprZDcPDn2Id7z7PRe+yYugoih47rm9HD9+xKX2pTBTgkLjyub2d4VS65UyLZPPUyD3Qq2a4kdVVapE+6r1xYJ8hLa1lrvuuovBoaElnePl0sJUsZVGC/2kFzq2L49+Bc/ru5EWsmZnFyz9M1iYlbES6JzrLYx1hYxzpdGKVm2MeCe/dUIRcAVVtN8ujIIbSDXX/XtN38fGKxckYdXqDQztfjvHn/w2m7JppPTBdjE4SKuHL4DeK2SpCH4vvHoF6/NDHPjmp9n9hp/GmAZoDnRwXvez6VhVP7m7aAV0j/MTLEa7y7IxW60OH/3YJ/nExz/K0EA9lqEUyQiRwlaTfzP4/V3UrLqgsbL01fugVq/5nh/Wz7rqoXN1uo3PNrDWpSZmxmCyjFarxR9/5KPccMMNSz7PxdJCIRmY0cJ/r9Q4qlQdU3Vs5zvHwu/PPO85V/uy0tnua6ClvM8Lz3M1n1/l2wX742qM4coK/DMUGp9RFArOXI0xrXRa0QJdsK5SXBCG4B9kv5c8+bvCkq/kpGOJmWVnQNjnu7hw3W3fw7efey1ryv005yfACKWWCVqPfK3/nAl6D2P2/xowPjWj3mvROPpZOrPvRGpD9EpBxKaFqtXz+WCUvmst2NyqqV+6CmW5PIu8WyqHDx1idM0ASOr4FeIrgxURbXY/dxNT7LWvXKmkHznPAeF1eFYB/fA327ojpmdnKIpzZSxcWVpYvGXh6yvFcM53nYsdy8WN/+ow0IXjWTiupbrPy3XexV53wbdX6bpXhy5mLV+jM2lFR7kLYKQECfWUK5Z45ZjoO+4T8v3HhECXxfgXGo0mO17/bp5tb0MaA4iUqX6c+KptfVqkG40s+CSOUiV6DUxRsK77LEce+wsEg7Uh/az6wzBjrfwXqF85Ce4vFw2boaa+iJlePGXGYGoZkgkmy8iyzAeBafTf+1L4bkzVZkhBiBtXDCSlpPgyueKitI1xaSliQEJ2g4f1xShZBnktu7axr9E1ukbXqEIrWqA7gVZ6C30h3JyOqf6b6jwnCy/E0km0AC+e1my9ifa2H+ZUcyvihZXxluWZ5VkvEBQWCsb4KNZGaxrZ9ynK7hz1suvboFZ+K24+FRu9b+Znvbg4tKK3DEWtFPXlMRfmhrp74aB2icqFES+kxX/vf5dlWXyd/sJ9TZ8Zn6ZEDIKC8BBSx6VrdI2u0TW6RrDCBbprD+nNvGSLu++Afr/ygmYs4d8gQ72wXFjW8SIGwS2vfw9PzF4Pg2NJkITo8j4xWwnYiBfxYW1CpdKTT2QrC9bawzzx4EcYbhaVcVXmKi7CNhS26b8Xab6uPoTLBjCCLyKytCQIGJ+WpaYSn+Lva0UYx994QR+VID/YIODjbL0W0IdCxHu8AHWJCts1ukbX6Bpdo0ArW6BDtFqdP7bKxCuOaXUC1LmnfZR4RVgQBM0lBfQLI6PjrLn9PTw1MY4YkoCqpLC4nHSJAuvMsQbh7IPHcJWvaq2TbDj+BTLKWC2q+rPq+Z38VlyMwILWsf6YiGZocQlzvQCJkpsyOi/EW95RINNfqhKI71U1AhTVgKaqAqAL4wdipbP0p5VrXBPp1+gaXaNrlGhFC3QXou79yGc04vVCPBzng82i3A/RaBDai5PSwRY5DIHdd7yJ46P3Uaze6buxhUA1by1Wzf6+87tCDYQ/iNYsWiLaY/vgHFqEVLiFl5bKSb0Qr9R6D9/FqnniflUuQ8CYAPXMj0XSZ24Ilb7cUu1IJ6gJCAV9IEaMHq5kLaifQ/irKgyxrrYNRUWu0TW6RtfoGgVa4QLdU5R0csbH/T5lhUqpzZDCpuqKTohVLs2sE5oDQ+x580/yjUOCNJouWt0rDRotZz8KiYOOvw/KSR9c7pUAq+pztYNxX6njfsZ4w3nCNYJK43Pv1Sk1y9IZKk6u36Lui+gnCN/4piLEK4F/EVWpPMUK5B7/KulWoYUjZ9zfa3SNrtE1ukYrXqBL1SCtCHTnj+4zxFP6VIBxk5Rwv7kM36uIsO66G1l9x/s5YTd6n7YbWKq3THLpx4re1X9cPy6nC5jQBrkitGLlnGTd9gnsquBUNx8N8zXxuqpQFssAuYc4+jCfvliB8H21b7FGiD2FB/T72KP4ltSAx4jxAXHp/ME/n+D8awL9Gl2ja3SNqrSiBbrEoDDvGz5LMQEXqCUpgEqq7UeDVecD0cRclhjIa022veoH2dvbCqNrES2dpR5JPSpegcST45jkGiCOL/jbHfxcyfHS0AYz3Isgzg195WXFXc8J0VRlriyXo2GBL29bLX8ZQAeIz0crH7tWsaHenfve2iSUU41+93sBrFrsWSrh9fvm/xuD3BdTQ+EaXaNr9N8krejCMs6P6kWBJoHgvnQWakSfg5DU0h0rocWp802rJJF46SQMjK5jy2vfz94H/xU78hMYkpKgFYHm5LdGGDl0S+p38ge/f6pPjZ9TtMsrv09R3yGgzFTeV10Slt6yWOh+/CY9i1A8JtyflBoY28sEGCJEHfgRKplIbCsqGjvW+5A/jb+pogI21PK+7Ge5MiisGVdBz1J0pmlNH6HXngffnKNWq9EcHicfWoPJm4Te2dFZsZwpfFEhrrzuW+dy5nGVeS2s6FY9bsXWEeirAil9n51NpbpS8wio5FkGcLEnOLtKGPhORDCXZz5nHf+CANlluGh6ufDSC8bx3UArWqCjWhHYtl8o4lr9KeEY661z3+tZrWvkEALlvGS5XKGe5XXGdtzJqaduJ+tMovMziDg/eID7k9B2r0N3tAQihL7nXvRJEnUBUagGw0WgPVry8SuoHBcVi0zI59uXNc9zkfG16VXNAjmSRhx85UGYp77cafMahLIMtdnd7536lc4BoYUnfUzHZbi9DFsm+jmotVi1HDtymCceeYAt2T46B7/D6maLDbUDDEkPIyVGfTZDbRU9M87xecvxqVl01VaytXvIh3ay+7U/huR1smzpt/LRF55i4oVPUpaK1dLV0NcSYzIUwaoFLdwzyTLXPUx99UAyLMYpKbYOpoHtCao1JMtoDg6y4brdbNj5quheUeSqC3lbdvjOV/4zve6cFzZtAj7mShtnqK1T2IzCQq9Qmo1Bdt3+vYxv2b2s9RGeffQzFBN7HS+0JUmp9mgeJVAAJQG/jDE5Af1TUHUoprVCT2sUtkaWD7Bu63aue+XrMSb33fp0SeZz8sDzHHz0E9haBwSMUTKCSZNhNacsDUNrr+e6m76H4bENl31NgLmp4xx45qtMTxxBNKMsfD/CwEczJTNC0ety873vYs3GHUty3atJK1ugx3QmV/Gzz30aarb3WcBe+IUDjXFea/VdjCj7rYVLGxRDoxvY9tqf4bm/eJidA3NIWWBUXFVSrYg2HwR3Rk3vKKPUVUzDKSCO3y+IE6hozS5VLPjVF6gmIkjpWx5mGesGZi5znmebuVDLMtc/OsxVKlZYFNh+vKHEqzqL25ZlcpVU0/4icuH+FQEpUwxBcpukkYQIBbXqFLiXA4nQ60zz7Ue+xtEv/Xve8orTvEWnkJlprC2QWad4WiwlUIpgVDDMknGYcYU1KGbuJbLi75DhYWY/+u/52GPCzu/7Re59yztoNodYCitLVXngcw/wnlc8jJk+Cj0Ifbtd3EZyo8QqjVFxDm4m/AKxzrlnHAZDITBf0jsuHPqK8M39htbYHdz3rp9l03U7yfLlqXJ44Tlbpk8dYvPUZxgqOkipUHrBKQYtLfjOawkkKjl2XOiuWU2x7npqjeayjW//U09wd+0LrMotWONSdBGg5ju1lai6YFjXP1yImTF+z6qWaWmIgvHGR1vpPV7w4tcyvvpcxto9b+O2t76bzZt3uQ5zl6hoqSoHXniO8c6DbOkeR23g26bfQKspMzO3Yqe3wxIJ9HJyH+MnPsXO7l7EllWTw3WRApQeU+Uw7dO3w8brebkjfytboKNeKNqYX50iyDUKQAnwbGAgKu53Hsq2xnXqUpsHjnNZJCZjcOMeRu75AOWzv0PWmfE55NHhTZTakcFVbVi8FR6sblsJalsA90V5rgtO6wLsnKUaiuoIkGFsi9WD8+keLtEiVZRut5vwEW8tu+fg0BL1LToRQY2H0EUJ/ZXxz8yi5OKaruCD4NT3m3eKToqAFzzU7pmKMYLxzTFfDsJcVbFlwaOf/F30yF9zz/qjFOtPIqeFvCx9MKTFivi2nc4FkbIgHBMW8YpMUUAxBfPTDFLwgV052fSv8dx//nc8WX8bP/Lf/wrG5Jdt7Q4PC2bqBBx5wfVBJ8OKwapFKFxGhRiPTlm/1H1MRDUDQkIdX4tqEd0oGYbNomzeAPnwASb+5hG+MX8Dq+/4cXa/+s2+VemVe74ihie/8mFeM/Ui2ewsVn1bYzIsFhHrA1HBuZ7cnt043OSpFx9CNr+aTdt3Lf3A/FroZcDkETI7hRZOAbZGvGXu3VTW7aGY0KOGsEUs3kjw0LsaEKuolFgj5KbGDdS44QaLafwBMw9+lvunbuKu9/0ao2vWcanPolOW6Lxg5vfhhuq7LAYkQUtoDiEDe2AJ2wqXFsr5FjJ5iKw775Ud34VTvAxBmTV3ktPk5S7MYYUL9L7eWxqblnrSfgEYrYQgWEMwlvWC3qBcXlBcleqDo8jWN/DIw5/h3qFnkV4Hg0Uxfsl4yLiaax3R8SClIfmJ3Yz9R1GWu36kCZ5ws/RV2iTB/G5jZoClVkyzqtHqO+dSkRhXwz4oII6Jh7lVHAXWVZQjogwZIq7mnVXFSOYgW49gFFpgxLVFlSjogwVItOZV1QfVLdWTXF6yZcHkoWc49umf5841x6DWRQ6WkCmiJaUYrAUVE2FdQlaA+n4BQYXygkTj2irA5Igt0ZPH2CUn2TH4l3zzd56kcedPctM9byOvNePvF0tOeNVQk2G1xNoyKc6Ig3ERr09WghtDdoIqpVpCsKNYb+mqbwssDpXCQjFxilE5zT3D+9n/yGM8/tLbueEN/4CRtdchZumY/PnIFl1GjnwD8mmsNVgyrzS7+VmpWOeKr41hkbkOtd63YPYQ1t6wpD3TgWQdl4rFYNUpxIh3e4gvmhXTdN3GdDFG4hWuAMwbQmEOp4AD5BgFrGClQAqLPTXNIKe5L3ueQ3/0GN/a+F5e/YP/iIGhkUXPr7C+94W/tkNSE6InCGrq2HyAbAnvXYlQaOjU6GKKvK0BFoxkDgPM66Aro9HT5dKKjnLH+8dF+7V+tz6Tj9p9V7V+A2sRwGA0HGmXAHL3ZxbD+NZXsvPNP8eEHYMs1B0PQDEJftcwPh+Y5xUR99oXUlGIHmQJwttZvP6CbkNoYvrutbsX7hLOEip7c2R6Clu0CVHvS0WZEeo1Q824pixZlpHnOXlWI8tyjBjyLKee18h8LXZRQyYZtbzm2qqqYr16Vqr1tdkTFJ/mG5QezgisWvF14tQyNzvNM3/7cfKv/H12Z3vJjs1hWj0KKZwQRijVOneS/437bcW35H3SAcmJKYEImMyhO9alQEpZUjt1gNuyL7Nh36/xpT/6p7TnJn0g4aXMIfwpqgabCdZYSoESQ4lQSkmJ/yz8OecWpShqDGoEa6A0/nsjWCPu36Dbqg/wnJlkW3mYXVOfZN+nfpkXH3/ginTVU1WeeOij3LBumqw0qCm9OeAcIFaUUoRS3NysuLgCq0pZwqbaQYqjD9OeOb1sYzRlD7Wl2zviskHUw9bWhABTd09LCTEp6seOL9pksX4OiR+5gk6lWF/B0inNVoXcFuyoHWTXid/n/j/8Fxza//yia1x0eoA9BSY0pxKsekUWwZqM0uQO41ki/gwum6awhtIrNVY11tgM7b6sguYGkRST8HKmFW2hq3fvWCeKCRZ4sBDCA4gR5UHAi4nWTIDtnThd2qCbWr1Jtv52Do28ieH2Z8iZdRa1Va8xB3VDop9RzmK1SxTyZ0LzEuYVlRio1pNXH4zn4PsSUUU0p97r0J5vMTjSWLL55nnO9q3XsX71Gmp5jRKXaWBCtoHfMMFvXhXOjTyn2RygV3Z5/sA+BHN2ZSNo7GjyJMQ7kygiAREBWDmk1jI3dYLPfvi3eH3tLxi2M2hXHWSN8ZatXxsVsCY+Z0hWmWPZ6ZCwpKESW+AEpKhFRMl7PdZNvsi9+SQv/MX/ytbv+wWGxneS1xbnm85MDrgYFItHW5KOReodeI6nowaCS0hLov0QsjMiyuT03SBcsAWN2cPcOtbm61//A3oMs/OWV5Ply8euRISTz32VPfYYaA/VjBCrohJa+wb0L9wBv/5KZbgJc3PfwXYmgPHlGaRVoJssXHVuKg9fRmNBJe4grGctEd0RQMP3CR1M+8m9seLceYJCadmUTfDa4i85cP889Td9iPXbbu5PXz0PTbXqUGReAXHjkMr6VgW1wVBZSoEulGWOkvkNk5JkYyyS9lyQ4BJe92rSChfo3qcYHr6H9pLp4P1zIR8bcNBkJRrca5+KeuhuaR/c2PotTN/0A7zw1ae4sfkCmW0TdL0YDBeZnoPFAtxU9X+HgLe4o4KQDPfCTc1VlLPpC3d+G5Uc66PQxRpa8y0GRsaWDHRvNpv8xPt/mp94/09f0u9VlT/7k4/yz3/jX2JUKUlCPyoCFfeC+Br+GkGN5HYIhXtWmjAHpXX6MM9+6n/nzdn9jNo22hO3liUgE5qWYVXxIUy/sr5DrIBXWmPbXsQJTO8zlZCe6f29mcJwcZodU3/Jqc8dpHX3L7PxpteCLAK+DsMw4usJBJeQU1BVXaveeGycg8b9mII600Hq41tcvIShlGAralT0DAJTk9wz/nc89+InmFy/gTWbti/b856dPMn12XGk08ZGBp8hXkmNFa6CrhJEg3eP2E6X1t4Hqe14J4NrtmOWMrAvZkdAqIlsVdHMmzkqMWzI+kDUkPZpvKWeDF/fqVC9IqChL4LPIDEO6ZPSoYPW+9xRYbUpaM58kblvDtAZ+xWaY5u4GFfOWLOLVfes1btg4hoPgcPe5FpKCz1ReFZaOb9zGYnkEI2LlcZLFk8rGnJXCX4rwPsXk60SdlZgfP2ac4RwVZ1/yAv/6pFLQXmtzpodt1Df9WbmWe16fYuC2L4I/DBUDf5f70/sU04in68uvGAShTxuiZHl0QAmzVV8kNloY4Zc5pZ8iVabr/S7L8I8+o9d+LsDB15ErHOFiKTvwnOJveS8gz4oOSHQDnwavFSq6q0QUlXmTx7gyOd/g1fMf5FVOoXtFqCZC3gz7nn3Rfrj1oQtLdans/WZ4UEgxiAzjzThLWQRVC3WirM0PKN2Hh5Dw/QYbT9B/eT9zgWzmPkIYFzoUhAY1WBOohB2a17EBY4hmuIr4mx80KSH3VychHoGH+Jd3Aw12IYKTB6nfOGvmNz3EL3O3KU/nAvQt+7/COvNc2SmSOsbizV+nhrUbr+uw7i9wFcrbBkbwJ56kl5riWF3v15KW2KoR4TD7aPUHrqi5seAxcgvQ8yLWKD0z8jFAwSeEimyHq8MiK9uqZbBulA7/ShTz36Ksuhe5PgtmtUwGgpUK9Z4N0GMxC+jWF8qikGk1c8iL/bwuxg/hu8OWtEC3fENpzkaCcz+TCGiFVnS14lLAnNIsOByPLrR8Y3Ut7+BvfYVdBnEODuj73qOFybovVI9xs3RvXALTvuX4EJymyvNydWqd9Cgi2QtaXYP0Zt+ccnnWu2O1m8tnakqLWyjKiLktbrz/1VRBt+8hcpz8xNz7ovK+2BNVOe+Uqg1fYoTD/0H1p7+a4aZQAvnJw/d9aLyGZAbq1FvEzGYDLJcMJn46ofGBb1lGSYTf5/Slo3V98I54u5QhIxSGswP7kRf+XM0b/kgpjZ00XNJFlQWlVJ3NW9VeWVDcGMsswa9rEHXNOhKnY7W6GpGTzNKdbEdJheyTGIEvjGpvK9qRZDjAgSty+Fjz+opuk//F+aOP+cUgCWmotNirP0k9c48Urj7F/zRCRUKiIjfn+oD5NyXqEJetJl44evMTx5fnnVZKmpLAiLpcqqt14dC18mMQoWW1Jmnzrw2aGmTFgO0ZIiODNGTAWxWw9Qzsrohy9wedG2RnWGgMVsh1cywVrC9NsOdQ5jDX2Xq0DMXZVFLvEdekfd71yiVxlVOYQihe0tCio8rSiMJgYLiEVJBnbvCXvOhLzuFiHEVH8LgYeV036OJ6piOBmEjHrv0BRcWGrtUnvESkIhh/Y49dE6+leNPHWSLaSEB0aqMtCKCiUVPIyxfEYDnGlx18yzQKjWinC7ine4cUy89ytpXfP9STXNJ6PiJE873Vvh8WYcPJotOw30KQYNRWhHh6TNQmatPtmgz+53PMzr1ZUZkHi0kMkKNjucEL0ZHjJ94aeq01dDWMXRgNaOrx2g0h1EM87On6Zw+RLOcpmlaZNZCqZTRL+0Zk7tBQEZhcqaam7G7f4Lx23+afHDtoubj4Fd3j41VLKGUj6TFDGiWU47tpBzfg+YD2LL0Ve9c2JxBMWLJc0HLWfY+u5cNg9PuHtkuWpgYhe3g/RRbEYNF51psHpukdep5ivW7qTUvXjG5EKkqx/Z9k836ArVeNwZrqhocNhHWWWXS6ceAr1iJxc5PU+vtpTd9CFveuPT59NYF6LmRBGXOq1nexWglpzW4iWLTvZRSqyj+BpEMI1AzJc2sQ689yZEXX2CNmWR1No3pFZQxJkVdwGLfHnNr1tiS3otfZ3bkIYY33kj9Arn3otalq4U97MevoogNVrlXHJZQEdKomOFLdAdlUd2YhNhS++Uvyh2tbIEeLNEIN1YrxQXGX6kG3sffz7b5lo8GhkZZdcN9TJ38NnMnTjDEDFLaigHlxxlTNTRgx1H5CPNZOOwzECGpHlXRGgLApgpFDzt1YHkme4mkqhzc/xKZMVixiUdqNcfeP1upvCbcl8C4TFSMVoQPXZX5I08ycPDjDMzvx7p0VwcwiPNBxkBOdWl5ohaTGTRrMs0gjetfR0vWc9JugfFdDG6/juboGGjJ3NHDTO5/kjX2MHUOM/XCI4zJMUzZRiyolFF7FBV6eZ3WwCb0pr/H2js/SNYYubRpeaslKloRRq+gK3mTbNt9NO78IPnI5vApcTMGoWdLWnMz7J3/MsPr9lFOPgn7v8TqHKQsQ2QBgeMH1MoxYxhhnv1PfZGh616zpAJdRJh89rOMtY55K9ELMsF5dYICExSmhUpkCEDzyub1azKO7H+YYturyUbWLdEo0w6QqtbrrxkqZSqCmhrZhjsYf/uvY7LagvEGLcyituTE8RPsK76BNPYzfeABNrOPWm8ixSAhMWQpPHergimU8QHlVHGUuemT1NdtPe/oRRRRH+chqTy0M0K8GaJe1V3K7VzhJxHbjXsxoGUQAzdXkIFwqbSiBXoiraR2eQYBsADYrgpEjYs9rMawS5drjMLaTduZ2/Z6pqYeZ7j3HJSdOKpgjQXhnhT+PnEf7NI4p35Uux9iDdetQhAhEtdQMCBt2jMTNEfWLM+UF0mqlqPHDvtiM4TaDpjgJ/fH9asrFb9aUGRW2N5rz55kfu/naJ74dmzOo7h0IQ0BSxCVSqMKWY3ZbATdch/F6jtYfdsPMbpqA1ulatU5ZXbLzg1s2XknqKVon2au+XkG2t+i9fQnGc9noOzGGIPSZPRGNmN3vpvxO/8+WWPVJc/LeCXBRis0UNTEQGqINHAWli8gE8Ye16YrDTu4apwf/PEfw1rLsf3P0LHjdF/6JBvqLaTUSvoeXqi765ciyOQE0vsG2p5AdStLVWK1NXmQdb1nqHVnXSyCGkLUSyrJHNQNSR2QvZTrUygVmJ9m+un7WXXru6gPjy/ROMM1SqRSXnqhbemEpFDY0KCqyh+TNQ85kuWs37SVH3jXdZSdFo9/41aOHvo4W6bvJ+9MolYqzKcS2KsKYqmbHuWpvXQmDsLazXCeeYqIS021TkkqIxAp8TlrRJeWjsRALi7+wYpx7rvIj0M8UkikW0EM5TJoZfvQo6Lfr70TN9q585ElLL6KVi3LbKXntTrjO+6kt/4uZmQIyTIXISxE6eV0izCboDFzAQRZF7zU9NcXPKeEwhGiBXl3hskjz60YP3NZWmbn5mO6vePXZ4G8FtyHqgqHf61y3ht2xUjVMnvwG3DoAQZpu/4BaiNEHTzDCL5yHpjmMCfyMdp7/jvyV3+Iza//eWqjW0EWQrRC6Dbo3gp5czU77nsftdf8EuUd/4QDg69BcwePS2awg2OUN7yDkVvff1nCHMBQgroSomesoKikSIgNW6h9nuVfJ7GNMWza/ko2ft8vMbf1bbSy0YS6xOUcNoUrRENZsG1dg3J6L7boXNa8qnTqhQcZbB/F2J5PwzReMC5UJF1hKkK8R1+aU1ihihZttq4q6U4cuPigsYslsSmNNZkucSz97gHOfC1+PUn/cVm9wR2vewuDr/4AR+o70NqA/8rGayj4e+OEe1l0aB99ns7J/R7JOQ+pDxAOCoU6XpxG5gN98TEZS0RGIJMS8fNI7ZjDvbNgjEPUziFHXm60sgW6J/eYJaU19cE0idlHQxygT1AERSD4GpePRsc30dzxZk6P3Ewnb2LE52mnwVSUjTBgDdLt7CJKA+qwcOxVLbpyOIBaGuVpJg48tTJgaWDy9ARTM3OU1lk8lgrsDgQkI9hD1TtUpSoSc7WpO30QOfZlBmafQzttH8cnoBWGG/14kDVzni/Gye7+p4zf8w8Y3XKLP9PFzCcIeGgOr2HTff+Q7J7/mZkb3kO3VsMODjG//UdpvvKnaK7afJHnPDcZXM3wlFpZ2U+aEKdSzcUrWJUYl8bIOBvu/QBHdDNiAlioSfD4QkrhrINZRuv4k9he6+znvgQqT34TM3cCLa23FKsR935KYqC5inLdLWjW8N2aJQJmfXMzwjCTHHr003RnT7OkgsL4vHP1u0Tw1erCQP0z6UvPugjyQn7jK+5GbvwJOgOb3SPwPEn96R1q4fPbi5K8nMOUc1h7/s6OAeUICtoZ+1kEJFvyPS1VQyqgKZJWsnjDUCvttl/utMIFegWE1QAZVbW4fiailf8FCCctkiAqllcQiMlZu/Me5sfvYzrfgsmbvlJdimQPo1k4EomfLlhclajiaBmFKLLEH4mWgipSFmSzx+kcemE5p3vRpKoc2P8SnaLwTDMlXwGVuYQIVH8/zrLH+vLzryL6YK1l6tCztPc/yoCxFc4XYPaEEImCiOGl3hj1uz/Ehjt/lsbg2GWP4bpX3kPj7l+is+t9nFj9Rpq3/0MG1+y87PMCZAJUyiWn9ZqUFVeUI7sky0pMjgxsoFi1E20MVJTThDqFgjOKQUqQ3ixLVf1w4sAjDM2+RK3XWgBR45UwJaSn6chGyh1vZyZb7dGEKjImifko2M4U2YnHKeenljZ0x2TOq0FKFwwPJbSHDqmGl3rZzXe8i2N2LZiMEJ+UjBHt+1s1UDJc7zpU6jwU+VVUDs6m/AWet5Q3rLJO4//9UMLlrJIyFlaGkXA5tMIFemWjeEaZKsDh10Dwf1QenVSFZ2XjXSHeXx8YYfXu72Vy5DZmaSASEnFSHmvyp0M1DSuOlYXMrfJ91dzvI4lWvqolK+YYr59i/vTBJZzdpZG1li9+8Qvk9VoFaoMUnh+KP4RfpPmlIJqExKR0r6u4CbWk3j1Kc+4g2in6mEe/MmIwKujAWlrb3sX1d72bRRV4uQANrd7O4F0fYviuX2R47fYlO68YPwENJZgh7KP0dMyC1KDFUV4fYGT9DjSvuzLHslBJCylUxjVts8WSoWyn9j5EbfoIJqZCuus5OVmBm1Xo1NfT2PY6zMY70awBVa4TxqtE98CONcLxJ79M0V0KNMGd30jmPTAVRNK/iqOXy2FzSt4YYr622j2HijWb9mjgZIaBvKAh86Dnt9Adh8vi62CVVHtZBSVlKcmIJg9JQDDSkPAZ8YtDM1Y4rXCBTpTpKTV7QeWjyhOKDy7xoUTVinPLTsK6rTditr+F9tgupN7wBWcqaEIlPSSUYawGoSw8XzJgpfKH13NCYYhQzhAQQ10KhooDvPjoQ8s/5QtQp9PmM5/5a6yUcZ7qBUXM045cyacgVuG5qlUeobSrS/tffJHn/u6rrMpa3rdZtYz8HMM4c+GJ07Dtez6ImNrSDkSgMXodo1tvufCxizmtuKChYKX1Nyr0aoupoEaXQCYz1Bp1oEeKF/DmU8hRhyTol+i5F+1pmvNHyLqTKCUY69dVshQFMGIww6vprtpGY90rGNn1RrQxRhZQF8UjMkkcCZYmExx/4gsUraVoY+yFUeQhEvXgPlg5KFvRV7z464gIjVGHQrja71mMK0hk/L1RFzh5MZeSiiPNGyR96cShct0SsmjnAQnJlqE6SNIiwl1L6ObLn1a0QE8CDHwOWyx7ee71WoHpveBLPpJoBy475bUGW266j6eLV3FCxpG81g8nR9wnqCHJvls4Qu1DGgJF0M29Dr2qPXOxALZHPnMYO3EA19D66pCq8rW/eYiTExO+OphjPqF5i6836S2c6kyrboekBFS6K1w1yF1VGbFH2VA+h5RJKYlplurgYqNCpsKkrGXzW36F4TXXsfTQ3vIoqibLPP+tOA/UKylBmwyFQS6RbFlQtE6Ddhdo4GdRagXU2iXZwScOPsVA6zB120Gty4c2vhdCSC10ZVNzTjdvYuiWn8TUh5lrbOXQXANTqyGivvmaRqTJiq8K0J1lS+0kxfzEkhXDcQLdJAUnuuB8UJlHAtVentXZmzlYibV1QWVQxQ0rWUdSQy6ANhUa0vrUK2ju5FphgeIF/Pn96IubkxETjaZo5Pn/hWuJyTwStfQFi64GrWiB7sjBYdWUlmTI9S0x/2mF8Uf4LPxAfPDOlaGhVWvYdMePcGToVuatuAUdmikAIfwr5dtDf445LJgA0TKKQt6dU0IOmIbgHpf729QZBtpP8q2/+dKVmPJZqej1+NM//3Ok7nNR1RXHMKFMLup7Ngckwk9YtW+Dxyp1gi82pFcNLuu25zFz+9lQn3DCW4Pi6EhFUyWsRpNvnt7C+I1vdYVTXibk2t/66oNhXVbXpzcEjbmMcCbbo+ycRMrSFURaQAqxW6JcFpzcT4ee/BrdI8+SlS3EhWdiQ0CZGPecRClNzuFinMa6m0AM+Zpd1G56B8XgGDFGp8+w9Pux7LJpdJZvf+J3KHuLK7l7TvKtdt1lKo1yQjyN21X9bslLIDM/mRpMef7ruY4bhgKlpWczCqlzYYVSXG8eErcO54ljtRajYMz5MqkXucrE5SaklFiPhor1PRH8Z6qJf77MaUXnoUdoPVR863ugXmMPftW4433AlQkdyHxtaa487xcx7Nh9K08euo+iPAJzz2Js2215DfWufU00P8AK6nwO/7CH6YPFWrHTHXyUlBxRJSvnGZ59gqMv7mbutnsZGhld5ln3k6ryla88yGOPPUav6JEFF0GUxRKtWfGKSmxoE6AwvxD67Df/5mI7Pi019bot2tMnWGXbnskKxIqGQfJYBIOObmbVmnsxtQGWy5peDlKrYALknsrKpgeR1tqlMkNpT5C9+LeQl2ds0Eo9RacIkkF2MQLk/HT04D7W5UcYrU1Bx7VJ1Yolp6IYC5LnyOgGytHbyHLnNx8eW0t34ys5tbfJepNhSxuWMCFHw+IUOdM5SX3mGWzRhfrgZY0ZwJB7kzZUOSPF5Mfy0eHoS7tHs8efZl29hbYUkdxZ51VLSgNCKnTKksxaBs+3B4NSrqkEtwntsCvGs9EuB5/7Jo888m+ZsevoWiGr+Va8pfV7zJJlgvjeBUYcny8VsN5lYl0H+6E6rDWnuKX2LGPDFutrKoQVm+SK7/Xx8pflwAoX6BAYd8RlUgxV0PKCMUfqCoS42uYizsfnmELqLnQlqVars+PV7+DZj93PHgsDvoc1mkRx1f8dtmFqr1qJ1Jc0/FQ61MScWbdN+nuOCrBGJhmb+Tp/++Ub+b53vvuKzR1V5mam+H9+5z8y3277xSbEWvtRGUvKWYTIvDVuK3Clc59oJZ/06lHRmaE9uQ9sO5Uk9vc+NObCt+A8pTm3vuUnyWpL18r2SpCJ86raZ0Gx9owdRbW8JH7YnZvg1Lf+nHX10y5tLD76sPbVyxFXyatnewyu242pnb/U6IVo4uh+xqafoWldwFoo/JMQP7e2ylKY0lXcdN87o+Jo8jptM87p3irW1Y9AGQqTBHKTUFGkKNizbpbD33mY7be/hUsvMhPuvzi4wldmCRamwZXHFuvb1QYk6xLo+Fd+m+vaRxH1verDlBaMx5gcrY+gjVW4jmXnoDCWqLwT+VrieQJFj+vrJ9i0uYWVHFt6/q1eoYjX8IqzLRfokwm9RAWjlpw29XLeHRv4im/rKBiXlomvPirfHVHuK1ygx6SJtOF85a34LBf2VvY+czESBV20WK9SINWq1RvY+MZfoPX4FI1Tj7v2pr4bUkAUVK2vnU3UglOATtWNkHCKEAQT091i28ek8iiWrGyxo/EdhoqvcXD/3Wzdtu2KzFuBP/gvH2Hf/n2uBnUVUfHfG+MUkqiAaRVCxPsx1bWCXoBgBOXgyke6K8X8FJ1TLyJl2zO/SknfwLiwqAqnT51gvDF0CeN0wlICU3OfJBdNUOC0G32r0Z61vhObRw963TYmy2gOXXyqnC0KUIOVzAcwejjaw+5GFbVd0F60dhyda57p+6I9y4mv/wFrD/0peVFSSgwNTdAuIeZEQDMOnTrF+jW3YmqXZ+2OTX+NgdPPo9b3WlkgyFFFJEObw8wUdTaMrq/8Wli9ZTeNm99EuXc/mcxEIyL+3sfHaFHSzOeZffJjyG3fy/mqqZ2fAhfzNYX9u3g3K3tGRMguMYPi+DNfYv2JB1HbIroDPeoZyiTFjVur09h0O9m6PZUaAuciBSOYMvCkYJxp5FRqS2q9eWpl210n+BasQ++sOtdOGoMmpS8K44pQ93vQKZwOOalYg/Fwa7SikFc1hJcnrWiBbq1S+hKEqYi+C/oI2q5aJwidslqBo4P/J0DbPgDraqQ5iQjX3fhqPvbXN/G29VMMT7+E2tIJMq98CI75iqlY6mGNRWvIv/aCLzQYCG0OJfatDj8OS1xplNM0D3yCCR2ms+F/odFosJyLV1X5zKc+w0c++sfMtWao5RIDxsQEVMEJHvHKS3A/hMlLaDUbRhqEpqrPjr46tdxVoT03x9TxU7DaW0VacevEPDtB6g2ygfVgFstklamnP4c++XsMdg/5uAOXtuQidq3TBwHtFZRiEWlibeHvr0tzMpJBZlGdo3v9u2nc/cvIRY5FQptO/6xcnXNNfs+AfJkMMRcBhSuoWk498QlO3P+b7F7dRloz2LLwAV+V5e5G4C9jyGoNylU3IwNrL+uZT5/Yy0hrL4Om63QQC7GCWRgjgholG93Exrs/hGT9FfyGxtZzcvAmTp5ssmtoNuAycaW6fe1QhXLyNLl9mKIzSz6w+pLHDSC2xPiGPOrq2p1Zk8ELXw0KloPxznq+qAyr8tTH/zeum7ifATtDURZYjBeqKXYiDUSw2SAts566Dl7wsbsugc5KVqBEnYT2wlnU3zNrXftniDzACX4Hr7vfeJ5HSgE2tmK4hTgIrD+vjVB/NYNBVSsRZOqVpZe3MIcVLtD94/MpFMEqIwZGxY0fLAf3ZVyoKS2ijDmVV8VGFwFyXve+/5HHPvyPuLfxPHVcRbGy6vcXN9ZoebofJ/QhkDq/ZvA7uxgB8ZaFFzAEiylDsUhZsL42zan9f81jD+zm3re+b9lQa1Vl37Pf5t/9x//EkeNHqdcCBk0S5hI06AC3Q088ShE0a3EWlJwRgCrEZrpXyULvdgvm59roaA/VzClmEmIhvEWtAnmNVeteickW13lLVelOHsUce5pMjjmho7XIWK11XaNMQKIUMNZ3lcp9odLC+1mFWTI6GwoGbUl+sQIdhyKJupgPayRGubvpKdbOMPPsx5k8/iQmb1KWPVyOvaK2wPbaFEXLIVBHX2R1XVm9ap7Vg4rOlZRYJJNULT3AsaJuLyhARrdRY8MdP0pzdAOXw3iPPvMVBvc/ziApSiuhPmmPWTKOzVvGx3aeeT0RauO7aGy6AzP/ZbTX9dYsRGjZCyBTKjs3j/L0X/0mt777X59TuF4MGVXEBuOmamo6oWgzASmo57nnA3LOW6WqnHzqCxx+5hvowc+zZ9U0WXuCoug5dVGtT1cL13JKgkGQzHC6tMiGVzC28Sz354yL+Y1M6RLeLFgTkFX37E145OHQkA2E+CA2N4aATIR7kFlxvdWDQPC/dV+nfRjMG4n/d7/JrEUzXC2Faxb68pKrxUswe/zD8Ja6txpSr2ynEautBKmYoI25BZCpbwRyFUhE2LRxE4du+yAcn0Cm90NRYrBYaxDx/Xg1pHJB1CY9lJbMl2ThxrrwmniFknnrXSODUTVIUXJT4wAHj3+UfY9v5PpbXo/JlnYJFL2CRx97hH/xq7/JCy88S7OZIVgveOgT5k4wuA0tAjlCESbiN7fb0MH6jRpa/Ls6hWUE1QxbNHC1zsM688qJyRHfPS83NTS7xLxztc49g1/elL4Uq1sPai22DBkOgA1WYptQ3cAEyFrqkNUxi0AKgpWXkKHk3gp6aCY9xlr7ke5BEvDp2h47huqYrLEGHShRtZQzOCtPK8WWAKxrd+ku6GtwS44ZaPD01AjbVt9CVh++tHsJaNFiHSfJmcbarisSpqBlmpsIZFlGXlvNyWKcrWu2nVUIj64eJd+whfaLAzSkW6lk6e6V2KAMKbWZKbLmfqwtL3G/eUFT+mh8BfGKeoqZcUpdTUraT36SRz73cVodxWYhq8aQZYZ6M2N4OGftaMaakSZrtaCXT8Jc4UwAtZTGP0n12TJaemXVrR2p1emO3IgZvsl3dDs/mWB4+L9QK8NKqETnE+M8z3PbyZJWR8QJUKzPvnDzLk36DsWjt5IUw2gFpv0Z4rJErVOQyEgpxC9vWtEC3ZGr5qMBiJZgiXrYOUqxSrS4OMEenqXx2p2akqXKCb0UEhFuef0P8uDvfYI3mwMYgVJDgZhUSckteI3Bcv5jJ9AqzEWDZR41acdUxDdjVxVKE6p8WbeBbJetnUfY/8iv82Jnim23v42s3rxswWjLkumZGf7kI3/Cf/q9/5epmQkGmrWg22M9xBbn4OemomRegy7DnDXu7YqRIZXvrv7Gc/ELZfRRR2sAx0wURY2zLGxWj2JxUdcQE9tE91kdCGg3DIQEVYX94Zto+CYxrptdjrI4lEAyg+OYknQoIwS4zLmKvZpdlN5C9ZXdos9dUHEQcQyCDA9VtX9Nh70djhKQrGS6qLHzB36Fwa03L/oeVmny+AGY3kvDdNGCuJ6c4uhbe6JQQG9sjF1v/pVzBrINrb2O06tuYX7+M2ypzzr3kAQeZVxapVqsydCZE3RnjjJ9Yj9jG29Y/MD9PjBqgczfu9K9Rh3vCGiGtQxnPW673kHKbl8br0wXaOGUPdMz6NQUPSn8Gsq8uy7VhAgXd0vMC98MjnbqzO14Dddff0ca3HlIUExmoZC4R6BibJCeeUgrjv8Xg6olpRuHojoa9aeFfNEdJukBA64YjqbhhngX49wrei0PfflJRFP5SSAGQvjXbqHZGPQQsyW9lpaEIl7oXX0dbKBR4+a3/TIn5HqkVo8R22pD8MaCcVMRYAv8WNFejQFJFYud4JN2X9mQJ10K0uqwvXya9pd/lefv/wNa0yex5QU6Jp2DbFkyNTnJt7/9Lf7ZP/9n/Pr/8W9odWYYaDYQcRm+sbIdiqkwyIS7+E3pYwlEQwEh4vN2loIXlFFvr1rtV5KUvGYZGPT+/8ik0goTBKOGwhZ0pg4TE3EXQa62VfIvunOo920G4ejXfHzWFRQjIDsiqORAXvn+ImYZirjEPQfYpE65bZfylc/Ym+GO+P7bMbJZcO+tZ7Cq0T8aKqEhLiWp11jF1OYfxo7fiWSXkSWgyvSzDzD7nQeQopXuaZJcXs8UyGrsPdVjYO35hW9t7S5q6290QgfiMwhrUo2glIgIt6+d5vCX/0OAWhZHEjGSxAOjdRs0rWTBuiZU1ikZhYWigLKAssQYQ54JxgRkz6Clj70JBZ5sEIRuDcW4lkzp5KuR7T/KhlvfQ2NgKF73fJRJfxZAUASDuy2C6+JUlD4d1V/bKGQqZH5dhKJNxuJ4u1/rYkwS5nFfxktHYe4+Tu1+zbU89CtDUXn374O1QlzX3lcefDKk3FXT9/B8ape58AJcVhJhy84b+foT72J48vcZ7E06yNQErTUEfVRjfftJK/+Pmm71BlWCP6rWm0NLPYzV7XLj2AkOfuf/5kDnBGtufSfD63fQHFzlU3TOrXmrKq3WPEePHuXEieN84fOf40/+9E+Zb7UZHKi7+fgIVPeoBOf3D6lopde8lQzp37uReVXiHVTP2Gu2+t0Vht1FhOZgk9E1I86gKdP4qndNVLCdFu2Te9Fy8ZX6nBvUIDZke0hMu3HBBeFIFzsRBUn4vyTIMhpFixLoEDJHgqIZkbCkLsYxxAtFqDNwUFv5rGKZaYqZiKYy7v6arIYODPCcvJ61t/wsw+svLzOjaE+ytjmDGc6wbSqxF5VxqwU1ZEOraVz3VvLGuTIC3Poe27qb2UN30zn9LRp0Kw8/oRT4+B85PQH6DL3WNLVFN+UJin7FcrYhXiY808DnvItK03s8IiKV258yfhJkn4R6eEap/oeIUNaHOFLbQ7nhrWzacAOcgz8sJBOEq6QslsjH/TUMvlZ91kCNicqLW3ru95l36tigBNjS8Rg0CmbUxuWEWrTs9Rk8EQ1QRU3mp1kue2vtK0UrXKAHrb8i1YNGHzS9CkwbD5KgiAWfSTh+5cAqe773Z/jW//cw9w59Del1CcF8gGeaEnljWqEVqa04Jo7th+aj5e4ZcV/1Mq/uqHGBKZ2SLbUJmPgwT33icwzc+j7MpnsZGVvPqrFR8ryGWktR9Oh2Osx3eszMzjMxMcHzzz/Df/3j/8p3XtiPakmjltFoeAgQ5yQJ6TQhLURVHSRkQmBLVcD4GIm+zk1BGAVpVPlGbIUpXGkSao0hBsbWw+zzQEF/SqQXeWLJSkuzUalVu5irGBfcJOoKndiQGuVh/nB/06XV1d729yr60BcK5YufJlAS4lPcZ+pbdmpajoSKCl6hDgLBP7eAYiheoa6Ooe+2uYArawx2dD1za+/lhls/yPCWV55FrV0cTR16Crv/EcbKjteJwhyqyq9zD8y059l481sp50+Byftbu2qIYIc8M8wPbKFrVtPUKf+59OuYqh7J6LB9bJbT+77O+ld+fxJAi6AouCpIiGa4AkDEHeRDZ7zCFeJobP+ZYqllnHIdcCW1IbwsoKOCZDVsfZjDcj2djW/n5rvfsKiCTor1gaM+ZsYrG6EDYVBIu4019FZtwzRGwa/bWEFSXFy/+NRc9UqhVRd/JAGptdYjQj1sawqZPUxeziVXunjeGtawtSTs9iobe0tAK1ygQ7jJCsmPouHzys7xyl61SIQYBeP7U+MCw84w9a4CiQijq9ew853/mNMP7WetHkSLwkUSx4OSxeI/IIw9JnilVRoZeNXP7Jh9KBChiK+mlOwrgVLJ5k9z8/A03RN/yF8+9FccaO9k6023MTwyQtFp0WrNcOrUSY6cmOaZ5/bxxJNPUKilXm/QaAR/rbqKmQFWVR/54KWND+VCgUxNbGSrEiB2fDJWlclWniUVa9Nb8kKy6K80Zc0RGmPboPV3iMwS5owftXs+DgrcPFRy8vABNuxat7igNDHYfJAiG3UBY4KDvNVZMEYyJ5xsienNpMVfGUUIAIoBphXhdSEyYhK8r8rFt5gUX5rXj8JbeyLSt0crM0Ukw2Z1isYIvbFtyA1vY9XuH6W+astFXO/8pGoxM4eQyb1QtM+iUIR+725gM6dPsO7407Rf+ipSH0RqTVeJDJ+mZ0u3e0xG7+hLGFu6XuU2GRqBN6mLYEMF6sUhjrzwZdbe9GZMthiBHu5WzwttL9TCZeJU/J6RsP4gprTiDJyolAReAS6F1t2oKMyNT4+0tQHmzBraG19LueEt3HTXO5FFBnkKOJjc++hjbQE/FkGRWpPJxjZODLye5uh1NHJo1gx55mbmkD2cMWCJyoEzDDJCIqubv0t5nj/6As2Zz7BOXgAt4vyCUhCyUiIK8F1AK1qgu/vsYR9Ngp3Kq+rCiH4T8Yw+IlG+JKdmrJiwAYWNO+/h7554A7UjH2NMeqg4n1AAuogMGGe9RBhP+1AId3gleKUP0Kj4r8SlOgVmEFKQSquYdkG9+xLvvd3wi7//AP/69/6cWt6kXhdMzaVHNXKDQak3a9Ssu98Grd52ghXohPmCObsBx+p94SO8cLbqi6GIe94JdK++XiDEL042LTlltUFqI1vQo00Ms1hN1e+CFWD8vc+6Uzz+hY/y5u23YBoDF3kFQUbX0dn5JubyrmN6nkGLOl+nYKiZnN7UIZpHHoTObHW5IJWbY8RlLy/GQE8qVVhQQRqbBceY5LL0yqL4e0EFIVNvlsUaLEHRRLBk9MZvoNh0H7L1exnb9cZLsmLPRvOnD6Onn2E4m4NutdVn1VJNeuTa0UHkb/4lmd8vMS1QDGJckGEmjq9sR9AMiqIkFBZyQX9uH4RqbqURtNuiefoxTh18gXXbb2SxC9fQJaRuOUXJB8YF4d6HlDgGoRgvwMPlJE3WQ96iuPxvAZsJpl6HfJC5jlKs2cP86D2svv3dbN580yU+AY2d4oJ3wN1+j9YoWNNgeP12xm5/CwOb7jzrOfrvV4Xnn/U+KjP7vk53/lGY3I9okY6rWPgquTdCrr6htxS0ogV6ohBIc7bvktUW91G0Qf2PxFmrlmxRDG1ZSQST5ex84z/mxY8fZrD7ELl2UWN9lPTC4+PP0ptgzYokK1ZSDIH0HZ+EY5S0jr86Ld5b9XLsJf7JD1/PXz1+iiLLGGjmiBQuVQQIfi3JgnIRBGzVTgj33xtDcXzJ4na5rhoFerVHvEQGW3VDhMuHLIB0tasR9V5rDGIG1zLfyxkUJcQIpDaaGt3c2mqxW/4W7Z6GRpOLYeQiwqodr6W5cQ9lWSQBGTU5JygbDaWz7zFk5juU3X3uyWtg+kly5kYpTehUdnH3Kzw7x+/C+Rx+GwWECDYfgvoQZD6dUhVMTqmQtybItR0Zt7svCV2RoMRmOXbtrQzf/QvUh9de1PgujpTZo0/T3vsAo705rLo6DbEZUt/e8FSWPivKF63yi1KsjeEANghGApIm0RURyq2DgAlps5bMWjY2Z3nuqU+zbtuNi1ZEEwLmxhabi1SU49BHQANS5g+PjYIEwPhcMl/1z7jgsK7NmSEnW7ONxuptzJvtyKa72LbnPsRcerndqLRHPqF9a1mRinspBEae9Sz97897/wQrhlK8ERcfcUAxNCqahgJXWOYqWQdLSCtaoIeSoGnT+KdSeRnhJG+RuDiUpHW7w90CsjG4aKWQsGr1RsZe83M88+VT3Fp7ClN0Kcsw8rMtMDnzXbSAqt9q3/H934WNlGyq4FcSa9k2cprX72rwxefbIIMR7YhKfd/FPTPr+zwFTClEyyVpXBoj2vHfh4MlNFFYGLwoQUGINuFZ7s2Vo1pjgE59LSdaObtDNlhQkPybIP5MUbJp4Dj7v/5hdr75Fy+6UpvJB2mODFzAeFC08RJSa3qXUlHFMtK5xGIoFhcUdzYLSPpWESo1dP3tmG2vwzRXuWdtLTargwrHHv4jNvMCpugQcovjGqicq26gO3uEyUNPsn73GxYstEunotehVs7QyHpou3AuoL57YKMiiUeswAfsKamiWTgAly0SSzy4TyoIBRXeVFWtfb795H5WDz1Jr9Oi1lxcCVsrDa+Ap31ro/YbRpJhh9bD2j0UvTaqhZujxSvuPq/c769sYIzayFrM8HrUjFB0a/QGt5KNrmfL9XfAJZaRrZIqPo24yoX61xGSufiPJTS4VIVCM+f6gj5EIDI0wMi1oLgrRFWIJmhk6YFUrY24TCrWaniPt1qSgrByyGQZm3bdzolD7+Xkc7/JWuMCrLSPO5yLuS3YFBXmkTDE8H34XKhyo2g3i/MPZtaQzc/yCz+0mc/9xl6KwQFqfk+LBOHvLfDq/iBZ29GW08rx1bFIYCxnziOMO52FOJ/qkwvzvVo+dBFDNxtltr4JaZyA+bmK0ukVoApLr/c6lE99lJmbf4hVG3cvQmBdwBLxzFKkUmBG+79HPOS+2NQcq5BV8w0kni9uRZMj626itufd5EOb+4aNKhNtaD/12wzNHEfUugKbIUjVW74qoEUbc/IJWs9/msnRrb4C2eXT8YMvcvqJh9hdTqNqK+vVC2aJDq64dglzC2NMR5C+1spr